CID,Name,10/15/2022,10/22/2022,10/23/2022,10/24/2022,10/25/2022,10/26/2022,10/27/2022,10/28/2022,10/29/2022,11/5/2022,11/19/2022,11/20/2022,11/21/2022,11/22/2022,11/23/2022,11/24/2022,11/25/2022,11/26/2022,11/27/2022,11/28/2022,11/29/2022,11/30/2022,12/1/2022,12/2/2022,12/3/2022,12/4/2022,12/5/2022,12/6/2022,12/7/2022,12/8/2022,12/9/2022,12/10/2022,12/11/2022,12/12/2022,12/13/2022,12/14/2022,12/15/2022,12/16/2022,12/17/2022,12/18/2022,12/19/2022,12/20/2022,12/21/2022,12/22/2022,12/23/2022,12/24/2022,12/25/2022,12/26/2022,12/27/2022,12/28/2022,12/29/2022,12/30/2022,12/31/2022,1/1/2023,1/2/2023,1/3/2023,1/4/2023,1/5/2023,1/6/2023,1/7/2023,1/8/2023,1/9/2023,1/10/2023,1/11/2023,1/12/2023,1/13/2023,1/14/2023,1/15/2023,1/16/2023,1/17/2023,1/18/2023,1/19/2023,2/4/2023
543732759,Ivy-Rose Leblanc,1,1,,1,,,,1,1,,1,,,,1,1,,1,,,,1,1,,1,,,,1,1,,1,,,,1,1,,1,,,,1,1,,1,,,,1,1,,1,,,,1,1,,1,,,,1,1,,1,,,,1,1,
025667763,Ellie-May Ford,1,,1,1,,,,1,,1,1,,,,1,,1,1,,,,1,,1,1,,,,1,,1,1,,,,1,,1,1,,,,1,,1,1,,,,1,,1,1,,,,1,,1,1,,,,1,,1,1,,,,1,,1
389072798,Evie-Grace Brook,1,1,,,,,,1,1,,,,,,1,1,,,,,,1,1,,,,,,1,1,,,,,,1,1,,,,,,1,1,,,,,,1,1,,,,,,1,1,,,,,,1,1,,,,,,1,1,
392356653,Macy Simons,1,,1,1,1,,,1,,1,1,1,,,1,,1,1,1,,,1,,1,1,1,,,1,,1,1,1,,,1,,1,1,1,,,1,,1,1,1,,,1,,1,1,,,,1,,1,1,1,,,1,,1,1,1,,,1,,1
700875574,Leroy Jacobson,1,1,,1,,1,,1,1,,1,,1,,1,1,,1,,1,,1,1,,1,,1,,1,1,,1,,1,,1,1,,1,,1,,1,1,,1,,1,,1,1,,1,,1,,1,1,,1,,1,,1,1,,1,,1,,1,1,
657788438,Arlo Bradford,1,,1,,,,,1,,1,,,,,1,,1,,,,,1,,1,,,,,1,,1,,,,,1,,1,,,,,1,,1,,,,,1,,1,,,,,1,,1,,,,,1,,1,,,,,1,,1
107051620,Zidane Stephens,1,1,,1,1,,,1,1,,1,1,,,1,1,,1,1,,,1,1,,1,1,,,1,1,,1,1,,,1,1,,1,1,,,1,1,,1,1,,,1,1,,1,,,,1,1,,1,1,,,1,1,,1,1,,,1,1,
536189273,Christie Tate,1,,1,1,,,,1,,1,1,,,,1,,1,1,,,,1,,1,1,,,,1,,1,1,,,,1,,1,1,,,,1,,1,1,,,,1,,1,1,,,,1,,1,1,,,,1,,1,1,,,,1,,1
571847851,Kacey Simpson,1,1,,,1,,1,1,1,,,1,,1,1,1,,,1,,1,1,1,,,1,,1,1,1,,,1,,1,1,1,,,1,,1,1,1,,,1,,1,1,1,,,,,1,1,1,,,1,,1,1,1,,,1,,1,1,1,
455390654,Antonio Maguire,1,,1,1,,1,,1,,1,1,,1,,1,,1,1,,1,,1,,1,1,,1,,1,,1,1,,1,,1,,1,1,,1,,1,,1,1,,1,,1,,1,1,,1,,1,,1,1,,1,,1,,1,1,,1,,1,,1
596478790,Kavan Martins,1,1,,1,,,,1,1,,1,,,,1,1,,1,,,,1,1,,1,,,,1,1,,1,,,,1,1,,1,,,,1,1,,1,,,,1,1,,1,,,,1,1,,1,,,,1,1,,1,,,,1,1,
101492123,Ria Glover,1,,1,,,,,1,,1,,,,,1,,1,,,,,1,,1,,,,,1,,1,,,,,1,,1,,,,,1,,1,,,,,1,,1,,,,,1,,1,,,,,1,,1,,,,,1,,1
493961155,Jaden Klein,1,1,,1,1,,,1,1,,1,1,,,1,1,,1,1,,,1,1,,1,1,,,1,1,,1,1,,,1,1,,1,1,,,1,1,,1,1,,,1,1,,1,,,,1,1,,1,1,,,1,1,,1,1,,,1,1,
690252724,Morwenna Howarth,1,,1,1,,,,1,,1,1,,,,1,,1,1,,,,1,,1,1,,,,1,,1,1,,,,1,,1,1,,,,1,,1,1,,,,1,,1,1,,,,1,,1,1,,,,1,,1,1,,,,1,,1
521621886,Alishia Lyon,1,1,,,,1,,1,1,,,,1,,1,1,,,,1,,1,1,,,,1,,1,1,,,,1,,1,1,,,,1,,1,1,,,,1,,1,1,,,,1,,1,1,,,,1,,1,1,,,,1,,1,1,
858682161,Eva Page,1,,1,1,1,,,1,,1,1,1,,,1,,1,1,1,,,1,,1,1,1,,,1,,1,1,1,,,1,,1,1,1,,,1,,1,1,1,,,1,,1,1,,,,1,,1,1,1,,,1,,1,1,1,,,1,,1
331315697,Deniz Legge,1,1,,1,,,,1,1,,1,,,,1,1,,1,,,,1,1,,1,,,,1,1,,1,,,,1,1,,1,,,,1,1,,1,,,,1,1,,1,,,,1,1,,1,,,,1,1,,1,,,,1,1,
926168498,Darcie-Mae Rossi,1,,1,,1,,1,1,,1,,1,,1,1,,1,,1,,1,1,,1,,1,,1,1,,1,,1,,1,1,,1,,1,,1,1,,1,,1,,1,1,,1,,,,1,1,,1,,1,,1,1,,1,,1,,1,1,,1
667024223,Romeo Palacios,1,1,,1,,,,1,1,,1,,,,1,1,,1,,,,1,1,,1,,,,1,1,,1,,,,1,1,,1,,,,1,1,,1,,,,1,1,,1,,,,1,1,,1,,,,1,1,,1,,,,1,1,
070212359,Aroush Bullock,1,,1,1,,1,,1,,1,1,,1,,1,,1,1,,1,,1,,1,1,,1,,1,,1,1,,1,,1,,1,1,,1,,1,,1,1,,1,,1,,1,1,,1,,1,,1,1,,1,,1,,1,1,,1,,1,,1
297237356,Samir Brady,1,1,,,,,,1,1,,,,,,1,1,,,,,,1,1,,,,,,1,1,,,,,,1,1,,,,,,1,1,,,,,,1,1,,,,,,1,1,,,,,,1,1,,,,,,1,1,
496311028,Adyan Dunne,1,,1,1,1,,,1,,1,1,1,,,1,,1,1,1,,,1,,1,1,1,,,1,,1,1,1,,,1,,1,1,1,,,1,,1,1,1,,,1,,1,1,,,,1,,1,1,1,,,1,,1,1,1,,,1,,1
810463418,Rachael Villanueva,1,1,,1,,,,1,1,,1,,,,1,1,,1,,,,1,1,,1,,,,1,1,,1,,,,1,1,,1,,,,1,1,,1,,,,1,1,,1,,,,1,1,,1,,,,1,1,,1,,,,1,1,
660201009,Jeffrey Higgs,1,,1,,,,,1,,1,,,,,1,,1,,,,,1,,1,,,,,1,,1,,,,,1,,1,,,,,1,,1,,,,,1,,1,,,,,1,,1,,,,,1,,1,,,,,1,,1
999786337,Emmett Kirkland,1,1,,1,1,1,,1,1,,1,1,1,,1,1,,1,1,1,,1,1,,1,1,1,,1,1,,1,1,1,,1,1,,1,1,1,,1,1,,1,1,1,,1,1,,1,,1,,1,1,,1,1,1,,1,1,,1,1,1,,1,1,
307015592,Chanelle Blackwell,1,,1,1,,,,1,,1,1,,,,1,,1,1,,,,1,,1,1,,,,1,,1,1,,,,1,,1,1,,,,1,,1,1,,,,1,,1,1,,,,1,,1,1,,,,1,,1,1,,,,1,,1
920018415,Hadiya Frey,1,1,,,1,,1,1,1,,,1,,1,1,1,,,1,,1,1,1,,,1,,1,1,1,,,1,,1,1,1,,,1,,1,1,1,,,1,,1,1,1,,,,,1,1,1,,,1,,1,1,1,,,1,,1,1,1,
471091787,Baran Jacobs,1,,1,1,,,,1,,1,1,,,,1,,1,1,,,,1,,1,1,,,,1,,1,1,,,,1,,1,1,,,,1,,1,1,,,,1,,1,1,,,,1,,1,1,,,,1,,1,1,,,,1,,1
974324776,Annalise Velasquez,1,1,,1,,,,1,1,,1,,,,1,1,,1,,,,1,1,,1,,,,1,1,,1,,,,1,1,,1,,,,1,1,,1,,,,1,1,,1,,,,1,1,,1,,,,1,1,,1,,,,1,1,
127664174,Clayton Ashton,1,,1,,,1,,1,,1,,,1,,1,,1,,,1,,1,,1,,,1,,1,,1,,,1,,1,,1,,,1,,1,,1,,,1,,1,,1,,,1,,1,,1,,,1,,1,,1,,,1,,1,,1
757355310,Antoni Field,1,1,,1,1,,,1,1,,1,1,,,1,1,,1,1,,,1,1,,1,1,,,1,1,,1,1,,,1,1,,1,1,,,1,1,,1,1,,,1,1,,1,,,,1,1,,1,1,,,1,1,,1,1,,,1,1,
884218466,Veer Joseph,1,,1,1,,,,1,,1,1,,,,1,,1,1,,,,1,,1,1,,,,1,,1,1,,,,1,,1,1,,,,1,,1,1,,,,1,,1,1,,,,1,,1,1,,,,1,,1,1,,,,1,,1
781662319,Blanka Bridges,1,1,,,,,,1,1,,,,,,1,1,,,,,,1,1,,,,,,1,1,,,,,,1,1,,,,,,1,1,,,,,,1,1,,,,,,1,1,,,,,,1,1,,,,,,1,1,
468042256,Elora Jefferson,1,,1,1,1,,,1,,1,1,1,,,1,,1,1,1,,,1,,1,1,1,,,1,,1,1,1,,,1,,1,1,1,,,1,,1,1,1,,,1,,1,1,,,,1,,1,1,1,,,1,,1,1,1,,,1,,1
282033879,Fenton Gamble,1,1,,1,,1,,1,1,,1,,1,,1,1,,1,,1,,1,1,,1,,1,,1,1,,1,,1,,1,1,,1,,1,,1,1,,1,,1,,1,1,,1,,1,,1,1,,1,,1,,1,1,,1,,1,,1,1,
213754824,Shayla Cousins,1,,1,,1,,1,1,,1,,1,,1,1,,1,,1,,1,1,,1,,1,,1,1,,1,,1,,1,1,,1,,1,,1,1,,1,,1,,1,1,,1,,,,1,1,,1,,1,,1,1,,1,,1,,1,1,,1
822493852,Lucia Hodges,1,1,,1,,,,1,1,,1,,,,1,1,,1,,,,1,1,,1,,,,1,1,,1,,,,1,1,,1,,,,1,1,,1,,,,1,1,,1,,,,1,1,,1,,,,1,1,,1,,,,1,1,
129124553,Bridget Bell,1,,1,1,,,,1,,1,1,,,,1,,1,1,,,,1,,1,1,,,,1,,1,1,,,,1,,1,1,,,,1,,1,1,,,,1,,1,1,,,,1,,1,1,,,,1,,1,1,,,,1,,1
673763355,Coen Mcloughlin,1,1,,,,,,1,1,,,,,,1,1,,,,,,1,1,,,,,,1,1,,,,,,1,1,,,,,,1,1,,,,,,1,1,,,,,,1,1,,,,,,1,1,,,,,,1,1,
665489790,Saqlain Stafford,1,,1,1,1,1,,1,,1,1,1,1,,1,,1,1,1,1,,1,,1,1,1,1,,1,,1,1,1,1,,1,,1,1,1,1,,1,,1,1,1,1,,1,,1,1,,1,,1,,1,1,1,1,,1,,1,1,1,1,,1,,1
920956440,Timur Knox,1,1,,1,,,,1,1,,1,,,,1,1,,1,,,,1,1,,1,,,,1,1,,1,,,,1,1,,1,,,,1,1,,1,,,,1,1,,1,,,,1,1,,1,,,,1,1,,1,,,,1,1,
432764974,Nasir Carroll,1,,1,,,,,1,,1,,,,,1,,1,,,,,1,,1,,,,,1,,1,,,,,1,,1,,,,,1,,1,,,,,1,,1,,,,,1,,1,,,,,1,,1,,,,,1,,1
328991035,Tahmina Daugherty,1,1,,1,1,,,1,1,,1,1,,,1,1,,1,1,,,1,1,,1,1,,,1,1,,1,1,,,1,1,,1,1,,,1,1,,1,1,,,1,1,,1,,,,1,1,,1,1,,,1,1,,1,1,,,1,1,
162808923,Myra Lambert,1,,1,1,,,,1,,1,1,,,,1,,1,1,,,,1,,1,1,,,,1,,1,1,,,,1,,1,1,,,,1,,1,1,,,,1,,1,1,,,,1,,1,1,,,,1,,1,1,,,,1,,1
748069159,Esmee Wormald,1,1,,,1,1,1,1,1,,,1,1,1,1,1,,,1,1,1,1,1,,,1,1,1,1,1,,,1,1,1,1,1,,,1,1,1,1,1,,,1,1,1,1,1,,,,1,1,1,1,,,1,1,1,1,1,,,1,1,1,1,1,
441920298,Mehak Reyes,1,,1,1,,,,1,,1,1,,,,1,,1,1,,,,1,,1,1,,,,1,,1,1,,,,1,,1,1,,,,1,,1,1,,,,1,,1,1,,,,1,,1,1,,,,1,,1,1,,,,1,,1
145118928,Fenella Spencer,1,1,,1,,,,1,1,,1,,,,1,1,,1,,,,1,1,,1,,,,1,1,,1,,,,1,1,,1,,,,1,1,,1,,,,1,1,,1,,,,1,1,,1,,,,1,1,,1,,,,1,1,
680282641,Alyx Begum,1,,1,,,,,1,,1,,,,,1,,1,,,,,1,,1,,,,,1,,1,,,,,1,,1,,,,,1,,1,,,,,1,,1,,,,,1,,1,,,,,1,,1,,,,,1,,1
955183865,Elsie Cobb,1,1,,1,1,,,1,1,,1,1,,,1,1,,1,1,,,1,1,,1,1,,,1,1,,1,1,,,1,1,,1,1,,,1,1,,1,1,,,1,1,,1,,,,1,1,,1,1,,,1,1,,1,1,,,1,1,
556614209,Rhiannon Pham,1,,1,1,,1,,1,,1,1,,1,,1,,1,1,,1,,1,,1,1,,1,,1,,1,1,,1,,1,,1,1,,1,,1,,1,1,,1,,1,,1,1,,1,,1,,1,1,,1,,1,,1,1,,1,,1,,1
394738262,Fred Rhodes,1,1,,,,,,1,1,,,,,,1,1,,,,,,1,1,,,,,,1,1,,,,,,1,1,,,,,,1,1,,,,,,1,1,,,,,,1,1,,,,,,1,1,,,,,,1,1,
555592906,Yolanda Owens,1,,1,1,1,,,1,,1,1,1,,,1,,1,1,1,,,1,,1,1,1,,,1,,1,1,1,,,1,,1,1,1,,,1,,1,1,1,,,1,,1,1,,,,1,,1,1,1,,,1,,1,1,1,,,1,,1
428971800,Annabelle Bull,1,1,,1,,,,1,1,,1,,,,1,1,,1,,,,1,1,,1,,,,1,1,,1,,,,1,1,,1,,,,1,1,,1,,,,1,1,,1,,,,1,1,,1,,,,1,1,,1,,,,1,1,
398748961,Gia Mcgregor,1,,1,,1,,1,1,,1,,1,,1,1,,1,,1,,1,1,,1,,1,,1,1,,1,,1,,1,1,,1,,1,,1,1,,1,,1,,1,1,,1,,,,1,1,,1,,1,,1,1,,1,,1,,1,1,,1
604332340,Connor Russo,1,1,,1,,1,,1,1,,1,,1,,1,1,,1,,1,,1,1,,1,,1,,1,1,,1,,1,,1,1,,1,,1,,1,1,,1,,1,,1,1,,1,,1,,1,1,,1,,1,,1,1,,1,,1,,1,1,
557828290,Joseff Frederick,1,,1,1,,,,1,,1,1,,,,1,,1,1,,,,1,,1,1,,,,1,,1,1,,,,1,,1,1,,,,1,,1,1,,,,1,,1,1,,,,1,,1,1,,,,1,,1,1,,,,1,,1
610961266,Szymon Devlin,1,1,,,,,,1,1,,,,,,1,1,,,,,,1,1,,,,,,1,1,,,,,,1,1,,,,,,1,1,,,,,,1,1,,,,,,1,1,,,,,,1,1,,,,,,1,1,
415762773,Camron Stubbs,1,,1,1,1,,,1,,1,1,1,,,1,,1,1,1,,,1,,1,1,1,,,1,,1,1,1,,,1,,1,1,1,,,1,,1,1,1,,,1,,1,1,,,,1,,1,1,1,,,1,,1,1,1,,,1,,1
291287239,Leticia Golden,1,1,,1,,,,1,1,,1,,,,1,1,,1,,,,1,1,,1,,,,1,1,,1,,,,1,1,,1,,,,1,1,,1,,,,1,1,,1,,,,1,1,,1,,,,1,1,,1,,,,1,1,
561989080,Kyron Crane,1,,1,,,1,,1,,1,,,1,,1,,1,,,1,,1,,1,,,1,,1,,1,,,1,,1,,1,,,1,,1,,1,,,1,,1,,1,,,1,,1,,1,,,1,,1,,1,,,1,,1,,1
370391692,Rebekka Meadows,1,1,,1,1,,,1,1,,1,1,,,1,1,,1,1,,,1,1,,1,1,,,1,1,,1,1,,,1,1,,1,1,,,1,1,,1,1,,,1,1,,1,,,,1,1,,1,1,,,1,1,,1,1,,,1,1,
870265552,Caine Arias,1,,1,1,,,,1,,1,1,,,,1,,1,1,,,,1,,1,1,,,,1,,1,1,,,,1,,1,1,,,,1,,1,1,,,,1,,1,1,,,,1,,1,1,,,,1,,1,1,,,,1,,1
640519636,Rodney Meyer,1,1,,,1,,1,1,1,,,1,,1,1,1,,,1,,1,1,1,,,1,,1,1,1,,,1,,1,1,1,,,1,,1,1,1,,,1,,1,1,1,,,,,1,1,1,,,1,,1,1,1,,,1,,1,1,1,
100713254,Kason Dalton,1,,1,1,,,,1,,1,1,,,,1,,1,1,,,,1,,1,1,,,,1,,1,1,,,,1,,1,1,,,,1,,1,1,,,,1,,1,1,,,,1,,1,1,,,,1,,1,1,,,,1,,1
214982167,Kristina Cartwright,1,1,,1,,1,,1,1,,1,,1,,1,1,,1,,1,,1,1,,1,,1,,1,1,,1,,1,,1,1,,1,,1,,1,1,,1,,1,,1,1,,1,,1,,1,1,,1,,1,,1,1,,1,,1,,1,1,
029937582,Sofija Meyers,1,,1,,,,,1,,1,,,,,1,,1,,,,,1,,1,,,,,1,,1,,,,,1,,1,,,,,1,,1,,,,,1,,1,,,,,1,,1,,,,,1,,1,,,,,1,,1
363155177,Izaac Burks,1,1,,1,1,,,1,1,,1,1,,,1,1,,1,1,,,1,1,,1,1,,,1,1,,1,1,,,1,1,,1,1,,,1,1,,1,1,,,1,1,,1,,,,1,1,,1,1,,,1,1,,1,1,,,1,1,
235375843,Pearl Payne,1,,1,1,,,,1,,1,1,,,,1,,1,1,,,,1,,1,1,,,,1,,1,1,,,,1,,1,1,,,,1,,1,1,,,,1,,1,1,,,,1,,1,1,,,,1,,1,1,,,,1,,1
290920549,Elisa Santos,1,1,,,,,,1,1,,,,,,1,1,,,,,,1,1,,,,,,1,1,,,,,,1,1,,,,,,1,1,,,,,,1,1,,,,,,1,1,,,,,,1,1,,,,,,1,1,
049511564,Yazmin Gates,1,,1,1,1,1,,1,,1,1,1,1,,1,,1,1,1,1,,1,,1,1,1,1,,1,,1,1,1,1,,1,,1,1,1,1,,1,,1,1,1,1,,1,,1,1,,1,,1,,1,1,1,1,,1,,1,1,1,1,,1,,1
119099091,Sylvia Beach,1,1,,1,,,,1,1,,1,,,,1,1,,1,,,,1,1,,1,,,,1,1,,1,,,,1,1,,1,,,,1,1,,1,,,,1,1,,1,,,,1,1,,1,,,,1,1,,1,,,,1,1,
241299782,Ricardo Humphries,1,,1,,1,,1,1,,1,,1,,1,1,,1,,1,,1,1,,1,,1,,1,1,,1,,1,,1,1,,1,,1,,1,1,,1,,1,,1,1,,1,,,,1,1,,1,,1,,1,1,,1,,1,,1,1,,1
988795701,Stephanie Wilkerson,1,1,,1,,,,1,1,,1,,,,1,1,,1,,,,1,1,,1,,,,1,1,,1,,,,1,1,,1,,,,1,1,,1,,,,1,1,,1,,,,1,1,,1,,,,1,1,,1,,,,1,1,
034674642,Lachlan Irving,1,,1,1,,,,1,,1,1,,,,1,,1,1,,,,1,,1,1,,,,1,,1,1,,,,1,,1,1,,,,1,,1,1,,,,1,,1,1,,,,1,,1,1,,,,1,,1,1,,,,1,,1
811045839,Ezmae Atkinson,1,1,,,,1,,1,1,,,,1,,1,1,,,,1,,1,1,,,,1,,1,1,,,,1,,1,1,,,,1,,1,1,,,,1,,1,1,,,,1,,1,1,,,,1,,1,1,,,,1,,1,1,
319729922,Samah Hudson,1,,1,1,1,,,1,,1,1,1,,,1,,1,1,1,,,1,,1,1,1,,,1,,1,1,1,,,1,,1,1,1,,,1,,1,1,1,,,1,,1,1,,,,1,,1,1,1,,,1,,1,1,1,,,1,,1
287065972,Landon Potts,1,1,,1,,,,1,1,,1,,,,1,1,,1,,,,1,1,,1,,,,1,1,,1,,,,1,1,,1,,,,1,1,,1,,,,1,1,,1,,,,1,1,,1,,,,1,1,,1,,,,1,1,
929328707,Presley Dorsey,1,,1,,,,,1,,1,,,,,1,,1,,,,,1,,1,,,,,1,,1,,,,,1,,1,,,,,1,,1,,,,,1,,1,,,,,1,,1,,,,,1,,1,,,,,1,,1
417393189,Conan Mullen,1,1,,1,1,,,1,1,,1,1,,,1,1,,1,1,,,1,1,,1,1,,,1,1,,1,1,,,1,1,,1,1,,,1,1,,1,1,,,1,1,,1,,,,1,1,,1,1,,,1,1,,1,1,,,1,1,
087849748,Miller Robinson,1,,1,1,,1,,1,,1,1,,1,,1,,1,1,,1,,1,,1,1,,1,,1,,1,1,,1,,1,,1,1,,1,,1,,1,1,,1,,1,,1,1,,1,,1,,1,1,,1,,1,,1,1,,1,,1,,1
594376901,Carlo Ellison,1,1,,,1,,1,1,1,,,1,,1,1,1,,,1,,1,1,1,,,1,,1,1,1,,,1,,1,1,1,,,1,,1,1,1,,,1,,1,1,1,,,,,1,1,1,,,1,,1,1,1,,,1,,1,1,1,
773229000,Tasneem Wickens,1,,1,1,,,,1,,1,1,,,,1,,1,1,,,,1,,1,1,,,,1,,1,1,,,,1,,1,1,,,,1,,1,1,,,,1,,1,1,,,,1,,1,1,,,,1,,1,1,,,,1,,1
258341327,Jadene Collins,1,1,,1,,,,1,1,,1,,,,1,1,,1,,,,1,1,,1,,,,1,1,,1,,,,1,1,,1,,,,1,1,,1,,,,1,1,,1,,,,1,1,,1,,,,1,1,,1,,,,1,1,
707594727,Cormac Cabrera,1,,1,,,,,1,,1,,,,,1,,1,,,,,1,,1,,,,,1,,1,,,,,1,,1,,,,,1,,1,,,,,1,,1,,,,,1,,1,,,,,1,,1,,,,,1,,1
340254224,Saffa Huber,1,1,,1,1,1,,1,1,,1,1,1,,1,1,,1,1,1,,1,1,,1,1,1,,1,1,,1,1,1,,1,1,,1,1,1,,1,1,,1,1,1,,1,1,,1,,1,,1,1,,1,1,1,,1,1,,1,1,1,,1,1,
101429067,Pascal Goff,1,,1,1,,,,1,,1,1,,,,1,,1,1,,,,1,,1,1,,,,1,,1,1,,,,1,,1,1,,,,1,,1,1,,,,1,,1,1,,,,1,,1,1,,,,1,,1,1,,,,1,,1
592667740,Maciej Lawrence,1,1,,,,,,1,1,,,,,,1,1,,,,,,1,1,,,,,,1,1,,,,,,1,1,,,,,,1,1,,,,,,1,1,,,,,,1,1,,,,,,1,1,,,,,,1,1,
049312814,Rudy Wilde,1,,1,1,1,,,1,,1,1,1,,,1,,1,1,1,,,1,,1,1,1,,,1,,1,1,1,,,1,,1,1,1,,,1,,1,1,1,,,1,,1,1,,,,1,,1,1,1,,,1,,1,1,1,,,1,,1
365146732,Pharrell Fountain,1,1,,1,,,,1,1,,1,,,,1,1,,1,,,,1,1,,1,,,,1,1,,1,,,,1,1,,1,,,,1,1,,1,,,,1,1,,1,,,,1,1,,1,,,,1,1,,1,,,,1,1,
595425262,Melanie Sharma,1,,1,,1,1,1,1,,1,,1,1,1,1,,1,,1,1,1,1,,1,,1,1,1,1,,1,,1,1,1,1,,1,,1,1,1,1,,1,,1,1,1,1,,1,,,1,1,1,,1,,1,1,1,1,,1,,1,1,1,1,,1
515096400,Michalina Jones,1,1,,1,,,,1,1,,1,,,,1,1,,1,,,,1,1,,1,,,,1,1,,1,,,,1,1,,1,,,,1,1,,1,,,,1,1,,1,,,,1,1,,1,,,,1,1,,1,,,,1,1,
658671540,Zainab Hills,1,,1,1,,,,1,,1,1,,,,1,,1,1,,,,1,,1,1,,,,1,,1,1,,,,1,,1,1,,,,1,,1,1,,,,1,,1,1,,,,1,,1,1,,,,1,,1,1,,,,1,,1
144287609,Isabell Franco,1,1,,,,,,1,1,,,,,,1,1,,,,,,1,1,,,,,,1,1,,,,,,1,1,,,,,,1,1,,,,,,1,1,,,,,,1,1,,,,,,1,1,,,,,,1,1,
386020433,Viola Neale,1,,1,1,1,,,1,,1,1,1,,,1,,1,1,1,,,1,,1,1,1,,,1,,1,1,1,,,1,,1,1,1,,,1,,1,1,1,,,1,,1,1,,,,1,,1,1,1,,,1,,1,1,1,,,1,,1
531998602,Caitlin West,1,1,,1,,1,,1,1,,1,,1,,1,1,,1,,1,,1,1,,1,,1,,1,1,,1,,1,,1,1,,1,,1,,1,1,,1,,1,,1,1,,1,,1,,1,1,,1,,1,,1,1,,1,,1,,1,1,
394313514,Shakir Broughton,1,,1,,,,,1,,1,,,,,1,,1,,,,,1,,1,,,,,1,,1,,,,,1,,1,,,,,1,,1,,,,,1,,1,,,,,1,,1,,,,,1,,1,,,,,1,,1
603053479,Becky Washington,1,1,,1,1,,,1,1,,1,1,,,1,1,,1,1,,,1,1,,1,1,,,1,1,,1,1,,,1,1,,1,1,,,1,1,,1,1,,,1,1,,1,,,,1,1,,1,1,,,1,1,,1,1,,,1,1,
023940369,Andreea Mcnally,1,,1,1,,,,1,,1,1,,,,1,,1,1,,,,1,,1,1,,,,1,,1,1,,,,1,,1,1,,,,1,,1,1,,,,1,,1,1,,,,1,,1,1,,,,1,,1,1,,,,1,,1
946698775,Raife Cain,1,1,,,1,,1,1,1,,,1,,1,1,1,,,1,,1,1,1,,,1,,1,1,1,,,1,,1,1,1,,,1,,1,1,1,,,1,,1,1,1,,,,,1,1,1,,,1,,1,1,1,,,1,,1,1,1,
131679246,Cheryl Watkins,1,,1,1,,1,,1,,1,1,,1,,1,,1,1,,1,,1,,1,1,,1,,1,,1,1,,1,,1,,1,1,,1,,1,,1,1,,1,,1,,1,1,,1,,1,,1,1,,1,,1,,1,1,,1,,1,,1
368810335,Vinny Nielsen,1,1,,1,,,,1,1,,1,,,,1,1,,1,,,,1,1,,1,,,,1,1,,1,,,,1,1,,1,,,,1,1,,1,,,,1,1,,1,,,,1,1,,1,,,,1,1,,1,,,,1,1,
224294152,Celia Aldred,1,,1,,,,,1,,1,,,,,1,,1,,,,,1,,1,,,,,1,,1,,,,,1,,1,,,,,1,,1,,,,,1,,1,,,,,1,,1,,,,,1,,1,,,,,1,,1
537473753,Montague Burt,1,1,,1,1,,,1,1,,1,1,,,1,1,,1,1,,,1,1,,1,1,,,1,1,,1,1,,,1,1,,1,1,,,1,1,,1,1,,,1,1,,1,,,,1,1,,1,1,,,1,1,,1,1,,,1,1,
055979759,Abdurrahman Huynh,1,,1,1,,,,1,,1,1,,,,1,,1,1,,,,1,,1,1,,,,1,,1,1,,,,1,,1,1,,,,1,,1,1,,,,1,,1,1,,,,1,,1,1,,,,1,,1,1,,,,1,,1
577052073,Dawud Owens,1,1,,,,1,,1,1,,,,1,,1,1,,,,1,,1,1,,,,1,,1,1,,,,1,,1,1,,,,1,,1,1,,,,1,,1,1,,,,1,,1,1,,,,1,,1,1,,,,1,,1,1,
197627858,Sade Cleveland,1,,1,1,1,,,1,,1,1,1,,,1,,1,1,1,,,1,,1,1,1,,,1,,1,1,1,,,1,,1,1,1,,,1,,1,1,1,,,1,,1,1,,,,1,,1,1,1,,,1,,1,1,1,,,1,,1
289011117,Jillian Higgs,1,1,,1,,,,1,1,,1,,,,1,1,,1,,,,1,1,,1,,,,1,1,,1,,,,1,1,,1,,,,1,1,,1,,,,1,1,,1,,,,1,1,,1,,,,1,1,,1,,,,1,1,
131169664,Ashley Combs,1,,1,,1,,1,1,,1,,1,,1,1,,1,,1,,1,1,,1,,1,,1,1,,1,,1,,1,1,,1,,1,,1,1,,1,,1,,1,1,,1,,,,1,1,,1,,1,,1,1,,1,,1,,1,1,,1
051557302,Jeffery Reeves,1,1,,1,,,,1,1,,1,,,,1,1,,1,,,,1,1,,1,,,,1,1,,1,,,,1,1,,1,,,,1,1,,1,,,,1,1,,1,,,,1,1,,1,,,,1,1,,1,,,,1,1,
466141826,Gavin Iles,1,,1,1,,1,,1,,1,1,,1,,1,,1,1,,1,,1,,1,1,,1,,1,,1,1,,1,,1,,1,1,,1,,1,,1,1,,1,,1,,1,1,,1,,1,,1,1,,1,,1,,1,1,,1,,1,,1
234661748,Roza David,1,1,,,,,,1,1,,,,,,1,1,,,,,,1,1,,,,,,1,1,,,,,,1,1,,,,,,1,1,,,,,,1,1,,,,,,1,1,,,,,,1,1,,,,,,1,1,
320240917,Jadon Yates,1,,1,1,1,,,1,,1,1,1,,,1,,1,1,1,,,1,,1,1,1,,,1,,1,1,1,,,1,,1,1,1,,,1,,1,1,1,,,1,,1,1,,,,1,,1,1,1,,,1,,1,1,1,,,1,,1
931277204,Brandon-Lee Christensen,1,1,,1,,,,1,1,,1,,,,1,1,,1,,,,1,1,,1,,,,1,1,,1,,,,1,1,,1,,,,1,1,,1,,,,1,1,,1,,,,1,1,,1,,,,1,1,,1,,,,1,1,
156454394,Roseanne Roberts,1,,1,,,,,1,,1,,,,,1,,1,,,,,1,,1,,,,,1,,1,,,,,1,,1,,,,,1,,1,,,,,1,,1,,,,,1,,1,,,,,1,,1,,,,,1,,1
215456336,Ellis Horne,1,1,,1,1,1,,1,1,,1,1,1,,1,1,,1,1,1,,1,1,,1,1,1,,1,1,,1,1,1,,1,1,,1,1,1,,1,1,,1,1,1,,1,1,,1,,1,,1,1,,1,1,1,,1,1,,1,1,1,,1,1,
911580504,Pierce Hampton,1,,1,1,,,,1,,1,1,,,,1,,1,1,,,,1,,1,1,,,,1,,1,1,,,,1,,1,1,,,,1,,1,1,,,,1,,1,1,,,,1,,1,1,,,,1,,1,1,,,,1,,1
174568699,Taslima Miranda,1,1,,,1,,1,1,1,,,1,,1,1,1,,,1,,1,1,1,,,1,,1,1,1,,,1,,1,1,1,,,1,,1,1,1,,,1,,1,1,1,,,,,1,1,1,,,1,,1,1,1,,,1,,1,1,1,
871513618,Jess Mcknight,1,,1,1,,,,1,,1,1,,,,1,,1,1,,,,1,,1,1,,,,1,,1,1,,,,1,,1,1,,,,1,,1,1,,,,1,,1,1,,,,1,,1,1,,,,1,,1,1,,,,1,,1
182347776,Ellen Eaton,1,1,,1,,,,1,1,,1,,,,1,1,,1,,,,1,1,,1,,,,1,1,,1,,,,1,1,,1,,,,1,1,,1,,,,1,1,,1,,,,1,1,,1,,,,1,1,,1,,,,1,1,
671647004,Dolcie Berry,1,,1,,,1,,1,,1,,,1,,1,,1,,,1,,1,,1,,,1,,1,,1,,,1,,1,,1,,,1,,1,,1,,,1,,1,,1,,,1,,1,,1,,,1,,1,,1,,,1,,1,,1
482052491,Gracey Clark,1,1,,1,1,,,1,1,,1,1,,,1,1,,1,1,,,1,1,,1,1,,,1,1,,1,1,,,1,1,,1,1,,,1,1,,1,1,,,1,1,,1,,,,1,1,,1,1,,,1,1,,1,1,,,1,1,
842266277,Ruari Sandoval,1,,1,1,,,,1,,1,1,,,,1,,1,1,,,,1,,1,1,,,,1,,1,1,,,,1,,1,1,,,,1,,1,1,,,,1,,1,1,,,,1,,1,1,,,,1,,1,1,,,,1,,1
637949252,Brendan Vaughan,1,1,,,,,,1,1,,,,,,1,1,,,,,,1,1,,,,,,1,1,,,,,,1,1,,,,,,1,1,,,,,,1,1,,,,,,1,1,,,,,,1,1,,,,,,1,1,
182336064,Killian Terry,1,,1,1,1,,,1,,1,1,1,,,1,,1,1,1,,,1,,1,1,1,,,1,,1,1,1,,,1,,1,1,1,,,1,,1,1,1,,,1,,1,1,,,,1,,1,1,1,,,1,,1,1,1,,,1,,1
621736472,Diesel Ferguson,1,1,,1,,1,,1,1,,1,,1,,1,1,,1,,1,,1,1,,1,,1,,1,1,,1,,1,,1,1,,1,,1,,1,1,,1,,1,,1,1,,1,,1,,1,1,,1,,1,,1,1,,1,,1,,1,1,
398434987,Elsie Raymond,1,,1,,1,,1,1,,1,,1,,1,1,,1,,1,,1,1,,1,,1,,1,1,,1,,1,,1,1,,1,,1,,1,1,,1,,1,,1,1,,1,,,,1,1,,1,,1,,1,1,,1,,1,,1,1,,1
194442142,Emaan Manning,1,1,,1,,,,1,1,,1,,,,1,1,,1,,,,1,1,,1,,,,1,1,,1,,,,1,1,,1,,,,1,1,,1,,,,1,1,,1,,,,1,1,,1,,,,1,1,,1,,,,1,1,
750101555,Haniya Hardin,1,,1,1,,,,1,,1,1,,,,1,,1,1,,,,1,,1,1,,,,1,,1,1,,,,1,,1,1,,,,1,,1,1,,,,1,,1,1,,,,1,,1,1,,,,1,,1,1,,,,1,,1
605673332,Muskaan Pike,1,1,,,,,,1,1,,,,,,1,1,,,,,,1,1,,,,,,1,1,,,,,,1,1,,,,,,1,1,,,,,,1,1,,,,,,1,1,,,,,,1,1,,,,,,1,1,
206609571,Jaidon Weaver,1,,1,1,1,1,,1,,1,1,1,1,,1,,1,1,1,1,,1,,1,1,1,1,,1,,1,1,1,1,,1,,1,1,1,1,,1,,1,1,1,1,,1,,1,1,,1,,1,,1,1,1,1,,1,,1,1,1,1,,1,,1
983223857,Alister Buck,1,1,,1,,,,1,1,,1,,,,1,1,,1,,,,1,1,,1,,,,1,1,,1,,,,1,1,,1,,,,1,1,,1,,,,1,1,,1,,,,1,1,,1,,,,1,1,,1,,,,1,1,
886289375,Zach Juarez,1,,1,,,,,1,,1,,,,,1,,1,,,,,1,,1,,,,,1,,1,,,,,1,,1,,,,,1,,1,,,,,1,,1,,,,,1,,1,,,,,1,,1,,,,,1,,1
650541626,Khadeeja Olson,1,1,,1,1,,,1,1,,1,1,,,1,1,,1,1,,,1,1,,1,1,,,1,1,,1,1,,,1,1,,1,1,,,1,1,,1,1,,,1,1,,1,,,,1,1,,1,1,,,1,1,,1,1,,,1,1,
666225607,Declan Greig,1,,1,1,,,,1,,1,1,,,,1,,1,1,,,,1,,1,1,,,,1,,1,1,,,,1,,1,1,,,,1,,1,1,,,,1,,1,1,,,,1,,1,1,,,,1,,1,1,,,,1,,1
738436288,Elise Mcgill,1,1,,,1,1,1,1,1,,,1,1,1,1,1,,,1,1,1,1,1,,,1,1,1,1,1,,,1,1,1,1,1,,,1,1,1,1,1,,,1,1,1,1,1,,,,1,1,1,1,,,1,1,1,1,1,,,1,1,1,1,1,
321123715,Bodhi Davey,1,,1,1,,,,1,,1,1,,,,1,,1,1,,,,1,,1,1,,,,1,,1,1,,,,1,,1,1,,,,1,,1,1,,,,1,,1,1,,,,1,,1,1,,,,1,,1,1,,,,1,,1
667402367,Akshay Mckinney,1,1,,1,,,,1,1,,1,,,,1,1,,1,,,,1,1,,1,,,,1,1,,1,,,,1,1,,1,,,,1,1,,1,,,,1,1,,1,,,,1,1,,1,,,,1,1,,1,,,,1,1,
211044155,Jun Sadler,1,,1,,,,,1,,1,,,,,1,,1,,,,,1,,1,,,,,1,,1,,,,,1,,1,,,,,1,,1,,,,,1,,1,,,,,1,,1,,,,,1,,1,,,,,1,,1
430407414,Ayah Hail,1,1,,1,1,,,1,1,,1,1,,,1,1,,1,1,,,1,1,,1,1,,,1,1,,1,1,,,1,1,,1,1,,,1,1,,1,1,,,1,1,,1,,,,1,1,,1,1,,,1,1,,1,1,,,1,1,
819597140,Marwan Gilmore,1,,1,1,,1,,1,,1,1,,1,,1,,1,1,,1,,1,,1,1,,1,,1,,1,1,,1,,1,,1,1,,1,,1,,1,1,,1,,1,,1,1,,1,,1,,1,1,,1,,1,,1,1,,1,,1,,1
387195392,Montgomery Underwood,1,1,,,,,,1,1,,,,,,1,1,,,,,,1,1,,,,,,1,1,,,,,,1,1,,,,,,1,1,,,,,,1,1,,,,,,1,1,,,,,,1,1,,,,,,1,1,
627351162,Samirah Peel,1,,1,1,1,,,1,,1,1,1,,,1,,1,1,1,,,1,,1,1,1,,,1,,1,1,1,,,1,,1,1,1,,,1,,1,1,1,,,1,,1,1,,,,1,,1,1,1,,,1,,1,1,1,,,1,,1
300291679,Cruz Mccullough,1,1,,1,,,,1,1,,1,,,,1,1,,1,,,,1,1,,1,,,,1,1,,1,,,,1,1,,1,,,,1,1,,1,,,,1,1,,1,,,,1,1,,1,,,,1,1,,1,,,,1,1,
284704332,Elmer Dolan,1,,1,,1,,1,1,,1,,1,,1,1,,1,,1,,1,1,,1,,1,,1,1,,1,,1,,1,1,,1,,1,,1,1,,1,,1,,1,1,,1,,,,1,1,,1,,1,,1,1,,1,,1,,1,1,,1
292362467,Laylah Leblanc,1,1,,1,,1,,1,1,,1,,1,,1,1,,1,,1,,1,1,,1,,1,,1,1,,1,,1,,1,1,,1,,1,,1,1,,1,,1,,1,1,,1,,1,,1,1,,1,,1,,1,1,,1,,1,,1,1,
186691876,Aminah Wilson,1,,1,1,,,,1,,1,1,,,,1,,1,1,,,,1,,1,1,,,,1,,1,1,,,,1,,1,1,,,,1,,1,1,,,,1,,1,1,,,,1,,1,1,,,,1,,1,1,,,,1,,1
144220661,Christian Leonard,1,1,,,,,,1,1,,,,,,1,1,,,,,,1,1,,,,,,1,1,,,,,,1,1,,,,,,1,1,,,,,,1,1,,,,,,1,1,,,,,,1,1,,,,,,1,1,
641329295,Jemimah Oneil,1,,1,1,1,,,1,,1,1,1,,,1,,1,1,1,,,1,,1,1,1,,,1,,1,1,1,,,1,,1,1,1,,,1,,1,1,1,,,1,,1,1,,,,1,,1,1,1,,,1,,1,1,1,,,1,,1
521927065,Kaydee Schmitt,1,1,,1,,,,1,1,,1,,,,1,1,,1,,,,1,1,,1,,,,1,1,,1,,,,1,1,,1,,,,1,1,,1,,,,1,1,,1,,,,1,1,,1,,,,1,1,,1,,,,1,1,
438364934,Kaine Wall,1,,1,,,1,,1,,1,,,1,,1,,1,,,1,,1,,1,,,1,,1,,1,,,1,,1,,1,,,1,,1,,1,,,1,,1,,1,,,1,,1,,1,,,1,,1,,1,,,1,,1,,1
626629563,August Richards,1,1,,1,1,,,1,1,,1,1,,,1,1,,1,1,,,1,1,,1,1,,,1,1,,1,1,,,1,1,,1,1,,,1,1,,1,1,,,1,1,,1,,,,1,1,,1,1,,,1,1,,1,1,,,1,1,
088124851,Osama Hussain,1,,1,1,,,,1,,1,1,,,,1,,1,1,,,,1,,1,1,,,,1,,1,1,,,,1,,1,1,,,,1,,1,1,,,,1,,1,1,,,,1,,1,1,,,,1,,1,1,,,,1,,1
450212503,Camille Lopez,1,1,,,1,,1,1,1,,,1,,1,1,1,,,1,,1,1,1,,,1,,1,1,1,,,1,,1,1,1,,,1,,1,1,1,,,1,,1,1,1,,,,,1,1,1,,,1,,1,1,1,,,1,,1,1,1,
544480454,Elouise Matthews,1,,1,1,,,,1,,1,1,,,,1,,1,1,,,,1,,1,1,,,,1,,1,1,,,,1,,1,1,,,,1,,1,1,,,,1,,1,1,,,,1,,1,1,,,,1,,1,1,,,,1,,1
858017197,Sue Timms,1,1,,1,,1,,1,1,,1,,1,,1,1,,1,,1,,1,1,,1,,1,,1,1,,1,,1,,1,1,,1,,1,,1,1,,1,,1,,1,1,,1,,1,,1,1,,1,,1,,1,1,,1,,1,,1,1,
666505963,Ramone Blanchard,1,,1,,,,,1,,1,,,,,1,,1,,,,,1,,1,,,,,1,,1,,,,,1,,1,,,,,1,,1,,,,,1,,1,,,,,1,,1,,,,,1,,1,,,,,1,,1
384954367,Billy Salinas,1,1,,1,1,,,1,1,,1,1,,,1,1,,1,1,,,1,1,,1,1,,,1,1,,1,1,,,1,1,,1,1,,,1,1,,1,1,,,1,1,,1,,,,1,1,,1,1,,,1,1,,1,1,,,1,1,
756313709,Aditi Halliday,1,,1,1,,,,1,,1,1,,,,1,,1,1,,,,1,,1,1,,,,1,,1,1,,,,1,,1,1,,,,1,,1,1,,,,1,,1,1,,,,1,,1,1,,,,1,,1,1,,,,1,,1
592792438,Kelsi Harrington,1,1,,,,,,1,1,,,,,,1,1,,,,,,1,1,,,,,,1,1,,,,,,1,1,,,,,,1,1,,,,,,1,1,,,,,,1,1,,,,,,1,1,,,,,,1,1,
177633745,Elle Read,1,,1,1,1,1,,1,,1,1,1,1,,1,,1,1,1,1,,1,,1,1,1,1,,1,,1,1,1,1,,1,,1,1,1,1,,1,,1,1,1,1,,1,,1,1,,1,,1,,1,1,1,1,,1,,1,1,1,1,,1,,1
487432681,Gemma Spooner,1,1,,1,,,,1,1,,1,,,,1,1,,1,,,,1,1,,1,,,,1,1,,1,,,,1,1,,1,,,,1,1,,1,,,,1,1,,1,,,,1,1,,1,,,,1,1,,1,,,,1,1,
526804564,Martin Ellwood,1,,1,,1,,1,1,,1,,1,,1,1,,1,,1,,1,1,,1,,1,,1,1,,1,,1,,1,1,,1,,1,,1,1,,1,,1,,1,1,,1,,,,1,1,,1,,1,,1,1,,1,,1,,1,1,,1
477107931,Hebe Nava,1,1,,1,,,,1,1,,1,,,,1,1,,1,,,,1,1,,1,,,,1,1,,1,,,,1,1,,1,,,,1,1,,1,,,,1,1,,1,,,,1,1,,1,,,,1,1,,1,,,,1,1,
402620604,Brennan Adkins,1,,1,1,,,,1,,1,1,,,,1,,1,1,,,,1,,1,1,,,,1,,1,1,,,,1,,1,1,,,,1,,1,1,,,,1,,1,1,,,,1,,1,1,,,,1,,1,1,,,,1,,1
839137656,Anish Costa,1,1,,,,1,,1,1,,,,1,,1,1,,,,1,,1,1,,,,1,,1,1,,,,1,,1,1,,,,1,,1,1,,,,1,,1,1,,,,1,,1,1,,,,1,,1,1,,,,1,,1,1,
029262463,Tadhg Parkinson,1,,1,1,1,,,1,,1,1,1,,,1,,1,1,1,,,1,,1,1,1,,,1,,1,1,1,,,1,,1,1,1,,,1,,1,1,1,,,1,,1,1,,,,1,,1,1,1,,,1,,1,1,1,,,1,,1
189144585,Alice Bain,1,1,,1,,,,1,1,,1,,,,1,1,,1,,,,1,1,,1,,,,1,1,,1,,,,1,1,,1,,,,1,1,,1,,,,1,1,,1,,,,1,1,,1,,,,1,1,,1,,,,1,1,
217716189,Muhammed Avila,1,,1,,,,,1,,1,,,,,1,,1,,,,,1,,1,,,,,1,,1,,,,,1,,1,,,,,1,,1,,,,,1,,1,,,,,1,,1,,,,,1,,1,,,,,1,,1
527239939,Danielle Zavala,1,1,,1,1,,,1,1,,1,1,,,1,1,,1,1,,,1,1,,1,1,,,1,1,,1,1,,,1,1,,1,1,,,1,1,,1,1,,,1,1,,1,,,,1,1,,1,1,,,1,1,,1,1,,,1,1,
154984234,Haidar Kent,1,,1,1,,1,,1,,1,1,,1,,1,,1,1,,1,,1,,1,1,,1,,1,,1,1,,1,,1,,1,1,,1,,1,,1,1,,1,,1,,1,1,,1,,1,,1,1,,1,,1,,1,1,,1,,1,,1
071253931,Cristian Beltran,1,1,,,1,,1,1,1,,,1,,1,1,1,,,1,,1,1,1,,,1,,1,1,1,,,1,,1,1,1,,,1,,1,1,1,,,1,,1,1,1,,,,,1,1,1,,,1,,1,1,1,,,1,,1,1,1,
893129195,Yusha Potter,1,,1,1,,,,1,,1,1,,,,1,,1,1,,,,1,,1,1,,,,1,,1,1,,,,1,,1,1,,,,1,,1,1,,,,1,,1,1,,,,1,,1,1,,,,1,,1,1,,,,1,,1
655836476,Bluebell Rodriquez,1,1,,1,,,,1,1,,1,,,,1,1,,1,,,,1,1,,1,,,,1,1,,1,,,,1,1,,1,,,,1,1,,1,,,,1,1,,1,,,,1,1,,1,,,,1,1,,1,,,,1,1,
351672036,Olaf Jeffery,1,,1,,,,,1,,1,,,,,1,,1,,,,,1,,1,,,,,1,,1,,,,,1,,1,,,,,1,,1,,,,,1,,1,,,,,1,,1,,,,,1,,1,,,,,1,,1
380742436,Margie Mack,1,1,,1,1,1,,1,1,,1,1,1,,1,1,,1,1,1,,1,1,,1,1,1,,1,1,,1,1,1,,1,1,,1,1,1,,1,1,,1,1,1,,1,1,,1,,1,,1,1,,1,1,1,,1,1,,1,1,1,,1,1,
835574477,Jai Kaye,1,,1,1,,,,1,,1,1,,,,1,,1,1,,,,1,,1,1,,,,1,,1,1,,,,1,,1,1,,,,1,,1,1,,,,1,,1,1,,,,1,,1,1,,,,1,,1,1,,,,1,,1
988223809,Danniella Freeman,1,1,,,,,,1,1,,,,,,1,1,,,,,,1,1,,,,,,1,1,,,,,,1,1,,,,,,1,1,,,,,,1,1,,,,,,1,1,,,,,,1,1,,,,,,1,1,
100287132,Hettie Hurst,1,,1,1,1,,,1,,1,1,1,,,1,,1,1,1,,,1,,1,1,1,,,1,,1,1,1,,,1,,1,1,1,,,1,,1,1,1,,,1,,1,1,,,,1,,1,1,1,,,1,,1,1,1,,,1,,1
540407885,Selin Oconnor,1,1,,1,,,,1,1,,1,,,,1,1,,1,,,,1,1,,1,,,,1,1,,1,,,,1,1,,1,,,,1,1,,1,,,,1,1,,1,,,,1,1,,1,,,,1,1,,1,,,,1,1,
867729662,Samantha Elliott,1,,1,,1,1,1,1,,1,,1,1,1,1,,1,,1,1,1,1,,1,,1,1,1,1,,1,,1,1,1,1,,1,,1,1,1,1,,1,,1,1,1,1,,1,,,1,1,1,,1,,1,1,1,1,,1,,1,1,1,1,,1
162048764,Shaun Hurley,1,1,,1,,,,1,1,,1,,,,1,1,,1,,,,1,1,,1,,,,1,1,,1,,,,1,1,,1,,,,1,1,,1,,,,1,1,,1,,,,1,1,,1,,,,1,1,,1,,,,1,1,
708736250,Tonisha Galloway,1,,1,1,,,,1,,1,1,,,,1,,1,1,,,,1,,1,1,,,,1,,1,1,,,,1,,1,1,,,,1,,1,1,,,,1,,1,1,,,,1,,1,1,,,,1,,1,1,,,,1,,1
874307736,Kaila Sexton,1,1,,,,,,1,1,,,,,,1,1,,,,,,1,1,,,,,,1,1,,,,,,1,1,,,,,,1,1,,,,,,1,1,,,,,,1,1,,,,,,1,1,,,,,,1,1,
032643171,Clark Tomlinson,1,,1,1,1,,,1,,1,1,1,,,1,,1,1,1,,,1,,1,1,1,,,1,,1,1,1,,,1,,1,1,1,,,1,,1,1,1,,,1,,1,1,,,,1,,1,1,1,,,1,,1,1,1,,,1,,1
003339105,Helin Sanford,1,1,,1,,1,,1,1,,1,,1,,1,1,,1,,1,,1,1,,1,,1,,1,1,,1,,1,,1,1,,1,,1,,1,1,,1,,1,,1,1,,1,,1,,1,1,,1,,1,,1,1,,1,,1,,1,1,
507427530,Leela Legge,1,,1,,,,,1,,1,,,,,1,,1,,,,,1,,1,,,,,1,,1,,,,,1,,1,,,,,1,,1,,,,,1,,1,,,,,1,,1,,,,,1,,1,,,,,1,,1
872318516,Georgiana Graves,1,1,,1,1,,,1,1,,1,1,,,1,1,,1,1,,,1,1,,1,1,,,1,1,,1,1,,,1,1,,1,1,,,1,1,,1,1,,,1,1,,1,,,,1,1,,1,1,,,1,1,,1,1,,,1,1,
241786842,Kain Cross,1,,1,1,,,,1,,1,1,,,,1,,1,1,,,,1,,1,1,,,,1,,1,1,,,,1,,1,1,,,,1,,1,1,,,,1,,1,1,,,,1,,1,1,,,,1,,1,1,,,,1,,1
979955934,Tanisha Terrell,1,1,,,1,,1,1,1,,,1,,1,1,1,,,1,,1,1,1,,,1,,1,1,1,,,1,,1,1,1,,,1,,1,1,1,,,1,,1,1,1,,,,,1,1,1,,,1,,1,1,1,,,1,,1,1,1,
537027666,Nayan Coulson,1,,1,1,,1,,1,,1,1,,1,,1,,1,1,,1,,1,,1,1,,1,,1,,1,1,,1,,1,,1,1,,1,,1,,1,1,,1,,1,,1,1,,1,,1,,1,1,,1,,1,,1,1,,1,,1,,1
165190620,Krisha Bradley,1,1,,1,,,,1,1,,1,,,,1,1,,1,,,,1,1,,1,,,,1,1,,1,,,,1,1,,1,,,,1,1,,1,,,,1,1,,1,,,,1,1,,1,,,,1,1,,1,,,,1,1,
940443804,Mahira Wells,1,,1,,,,,1,,1,,,,,1,,1,,,,,1,,1,,,,,1,,1,,,,,1,,1,,,,,1,,1,,,,,1,,1,,,,,1,,1,,,,,1,,1,,,,,1,,1
333984443,Kianna Lacey,1,1,,1,1,,,1,1,,1,1,,,1,1,,1,1,,,1,1,,1,1,,,1,1,,1,1,,,1,1,,1,1,,,1,1,,1,1,,,1,1,,1,,,,1,1,,1,1,,,1,1,,1,1,,,1,1,
533710212,Kelan Franks,1,,1,1,,,,1,,1,1,,,,1,,1,1,,,,1,,1,1,,,,1,,1,1,,,,1,,1,1,,,,1,,1,1,,,,1,,1,1,,,,1,,1,1,,,,1,,1,1,,,,1,,1
385069370,Rhonda Hope,1,1,,,,1,,1,1,,,,1,,1,1,,,,1,,1,1,,,,1,,1,1,,,,1,,1,1,,,,1,,1,1,,,,1,,1,1,,,,1,,1,1,,,,1,,1,1,,,,1,,1,1,
895663823,Lamar Cantrell,1,,1,1,1,,,1,,1,1,1,,,1,,1,1,1,,,1,,1,1,1,,,1,,1,1,1,,,1,,1,1,1,,,1,,1,1,1,,,1,,1,1,,,,1,,1,1,1,,,1,,1,1,1,,,1,,1
785377501,Kiera Cortes,1,1,,1,,,,1,1,,1,,,,1,1,,1,,,,1,1,,1,,,,1,1,,1,,,,1,1,,1,,,,1,1,,1,,,,1,1,,1,,,,1,1,,1,,,,1,1,,1,,,,1,1,
342259422,Destiny Smart,1,,1,,1,,1,1,,1,,1,,1,1,,1,,1,,1,1,,1,,1,,1,1,,1,,1,,1,1,,1,,1,,1,1,,1,,1,,1,1,,1,,,,1,1,,1,,1,,1,1,,1,,1,,1,1,,1
682121464,Tomas Silva,1,1,,1,,,,1,1,,1,,,,1,1,,1,,,,1,1,,1,,,,1,1,,1,,,,1,1,,1,,,,1,1,,1,,,,1,1,,1,,,,1,1,,1,,,,1,1,,1,,,,1,1,
697761553,Angelica Lennon,1,,1,1,,1,,1,,1,1,,1,,1,,1,1,,1,,1,,1,1,,1,,1,,1,1,,1,,1,,1,1,,1,,1,,1,1,,1,,1,,1,1,,1,,1,,1,1,,1,,1,,1,1,,1,,1,,1
943717159,Tazmin Mansell,1,1,,,,,,1,1,,,,,,1,1,,,,,,1,1,,,,,,1,1,,,,,,1,1,,,,,,1,1,,,,,,1,1,,,,,,1,1,,,,,,1,1,,,,,,1,1,
288320524,Etta Hodgson,1,,1,1,1,,,1,,1,1,1,,,1,,1,1,1,,,1,,1,1,1,,,1,,1,1,1,,,1,,1,1,1,,,1,,1,1,1,,,1,,1,1,,,,1,,1,1,1,,,1,,1,1,1,,,1,,1
530899486,Mahnoor Childs,1,1,,1,,,,1,1,,1,,,,1,1,,1,,,,1,1,,1,,,,1,1,,1,,,,1,1,,1,,,,1,1,,1,,,,1,1,,1,,,,1,1,,1,,,,1,1,,1,,,,1,1,
393799919,Marilyn Robbins,1,,1,,,,,1,,1,,,,,1,,1,,,,,1,,1,,,,,1,,1,,,,,1,,1,,,,,1,,1,,,,,1,,1,,,,,1,,1,,,,,1,,1,,,,,1,,1
896178199,Chaim Battle,1,1,,1,1,1,,1,1,,1,1,1,,1,1,,1,1,1,,1,1,,1,1,1,,1,1,,1,1,1,,1,1,,1,1,1,,1,1,,1,1,1,,1,1,,1,,1,,1,1,,1,1,1,,1,1,,1,1,1,,1,1,
679611088,Rojin Ireland,1,,1,1,,,,1,,1,1,,,,1,,1,1,,,,1,,1,1,,,,1,,1,1,,,,1,,1,1,,,,1,,1,1,,,,1,,1,1,,,,1,,1,1,,,,1,,1,1,,,,1,,1
439024612,Kristie Mcclain,1,1,,,1,,1,1,1,,,1,,1,1,1,,,1,,1,1,1,,,1,,1,1,1,,,1,,1,1,1,,,1,,1,1,1,,,1,,1,1,1,,,,,1,1,1,,,1,,1,1,1,,,1,,1,1,1,
758838270,Naeem Ashton,1,,1,1,,,,1,,1,1,,,,1,,1,1,,,,1,,1,1,,,,1,,1,1,,,,1,,1,1,,,,1,,1,1,,,,1,,1,1,,,,1,,1,1,,,,1,,1,1,,,,1,,1
308212851,Corrina Fraser,1,1,,1,,,,1,1,,1,,,,1,1,,1,,,,1,1,,1,,,,1,1,,1,,,,1,1,,1,,,,1,1,,1,,,,1,1,,1,,,,1,1,,1,,,,1,1,,1,,,,1,1,
774744905,Tevin Travers,1,,1,,,1,,1,,1,,,1,,1,,1,,,1,,1,,1,,,1,,1,,1,,,1,,1,,1,,,1,,1,,1,,,1,,1,,1,,,1,,1,,1,,,1,,1,,1,,,1,,1,,1
180131040,Clara Milne,1,1,,1,1,,,1,1,,1,1,,,1,1,,1,1,,,1,1,,1,1,,,1,1,,1,1,,,1,1,,1,1,,,1,1,,1,1,,,1,1,,1,,,,1,1,,1,1,,,1,1,,1,1,,,1,1,
705641554,Antoine Stout,1,,1,1,,,,1,,1,1,,,,1,,1,1,,,,1,,1,1,,,,1,,1,1,,,,1,,1,1,,,,1,,1,1,,,,1,,1,1,,,,1,,1,1,,,,1,,1,1,,,,1,,1
705892611,Ceara William,1,1,,,,,,1,1,,,,,,1,1,,,,,,1,1,,,,,,1,1,,,,,,1,1,,,,,,1,1,,,,,,1,1,,,,,,1,1,,,,,,1,1,,,,,,1,1,
624918139,Keenan Mackie,1,,1,1,1,,,1,,1,1,1,,,1,,1,1,1,,,1,,1,1,1,,,1,,1,1,1,,,1,,1,1,1,,,1,,1,1,1,,,1,,1,1,,,,1,,1,1,1,,,1,,1,1,1,,,1,,1
926109955,Abdur Young,1,1,,1,,1,,1,1,,1,,1,,1,1,,1,,1,,1,1,,1,,1,,1,1,,1,,1,,1,1,,1,,1,,1,1,,1,,1,,1,1,,1,,1,,1,1,,1,,1,,1,1,,1,,1,,1,1,
322300604,Cohen Prentice,1,,1,,1,,1,1,,1,,1,,1,1,,1,,1,,1,1,,1,,1,,1,1,,1,,1,,1,1,,1,,1,,1,1,,1,,1,,1,1,,1,,,,1,1,,1,,1,,1,1,,1,,1,,1,1,,1
498479708,Rima Lucero,1,1,,1,,,,1,1,,1,,,,1,1,,1,,,,1,1,,1,,,,1,1,,1,,,,1,1,,1,,,,1,1,,1,,,,1,1,,1,,,,1,1,,1,,,,1,1,,1,,,,1,1,
052258804,Faiz Gregory,1,,1,1,,,,1,,1,1,,,,1,,1,1,,,,1,,1,1,,,,1,,1,1,,,,1,,1,1,,,,1,,1,1,,,,1,,1,1,,,,1,,1,1,,,,1,,1,1,,,,1,,1
858260254,Freddy Carpenter,1,1,,,,,,1,1,,,,,,1,1,,,,,,1,1,,,,,,1,1,,,,,,1,1,,,,,,1,1,,,,,,1,1,,,,,,1,1,,,,,,1,1,,,,,,1,1,
040602214,Justine Williams,1,,1,1,1,1,,1,,1,1,1,1,,1,,1,1,1,1,,1,,1,1,1,1,,1,,1,1,1,1,,1,,1,1,1,1,,1,,1,1,1,1,,1,,1,1,,1,,1,,1,1,1,1,,1,,1,1,1,1,,1,,1
020684907,Danniella Giles,1,1,,1,,,,1,1,,1,,,,1,1,,1,,,,1,1,,1,,,,1,1,,1,,,,1,1,,1,,,,1,1,,1,,,,1,1,,1,,,,1,1,,1,,,,1,1,,1,,,,1,1,
885876652,Jace Mayo,1,,1,,,,,1,,1,,,,,1,,1,,,,,1,,1,,,,,1,,1,,,,,1,,1,,,,,1,,1,,,,,1,,1,,,,,1,,1,,,,,1,,1,,,,,1,,1
108316254,Tim Bassett,1,1,,1,1,,,1,1,,1,1,,,1,1,,1,1,,,1,1,,1,1,,,1,1,,1,1,,,1,1,,1,1,,,1,1,,1,1,,,1,1,,1,,,,1,1,,1,1,,,1,1,,1,1,,,1,1,
582505517,Serena Baird,1,,1,1,,,,1,,1,1,,,,1,,1,1,,,,1,,1,1,,,,1,,1,1,,,,1,,1,1,,,,1,,1,1,,,,1,,1,1,,,,1,,1,1,,,,1,,1,1,,,,1,,1
427221188,Cayson Clark,1,1,,,1,1,1,1,1,,,1,1,1,1,1,,,1,1,1,1,1,,,1,1,1,1,1,,,1,1,1,1,1,,,1,1,1,1,1,,,1,1,1,1,1,,,,1,1,1,1,,,1,1,1,1,1,,,1,1,1,1,1,
817453728,Hilda Valenzuela,1,,1,1,,,,1,,1,1,,,,1,,1,1,,,,1,,1,1,,,,1,,1,1,,,,1,,1,1,,,,1,,1,1,,,,1,,1,1,,,,1,,1,1,,,,1,,1,1,,,,1,,1
163778887,Cooper Lawrence,1,1,,1,,,,1,1,,1,,,,1,1,,1,,,,1,1,,1,,,,1,1,,1,,,,1,1,,1,,,,1,1,,1,,,,1,1,,1,,,,1,1,,1,,,,1,1,,1,,,,1,1,
270390376,Luciana Holman,1,,1,,,,,1,,1,,,,,1,,1,,,,,1,,1,,,,,1,,1,,,,,1,,1,,,,,1,,1,,,,,1,,1,,,,,1,,1,,,,,1,,1,,,,,1,,1
789392989,Romy Clifford,1,1,,1,1,,,1,1,,1,1,,,1,1,,1,1,,,1,1,,1,1,,,1,1,,1,1,,,1,1,,1,1,,,1,1,,1,1,,,1,1,,1,,,,1,1,,1,1,,,1,1,,1,1,,,1,1,
985408807,Myra Conrad,1,,1,1,,1,,1,,1,1,,1,,1,,1,1,,1,,1,,1,1,,1,,1,,1,1,,1,,1,,1,1,,1,,1,,1,1,,1,,1,,1,1,,1,,1,,1,1,,1,,1,,1,1,,1,,1,,1
424004814,Korban Larsen,1,1,,,,,,1,1,,,,,,1,1,,,,,,1,1,,,,,,1,1,,,,,,1,1,,,,,,1,1,,,,,,1,1,,,,,,1,1,,,,,,1,1,,,,,,1,1,
564923892,Ana Wyatt,1,,1,1,1,,,1,,1,1,1,,,1,,1,1,1,,,1,,1,1,1,,,1,,1,1,1,,,1,,1,1,1,,,1,,1,1,1,,,1,,1,1,,,,1,,1,1,1,,,1,,1,1,1,,,1,,1
457333550,Hayden White,1,1,,1,,,,1,1,,1,,,,1,1,,1,,,,1,1,,1,,,,1,1,,1,,,,1,1,,1,,,,1,1,,1,,,,1,1,,1,,,,1,1,,1,,,,1,1,,1,,,,1,1,
377439783,Mahima Dunlap,1,,1,,1,,1,1,,1,,1,,1,1,,1,,1,,1,1,,1,,1,,1,1,,1,,1,,1,1,,1,,1,,1,1,,1,,1,,1,1,,1,,,,1,1,,1,,1,,1,1,,1,,1,,1,1,,1
709488551,Maisha Conway,1,1,,1,,1,,1,1,,1,,1,,1,1,,1,,1,,1,1,,1,,1,,1,1,,1,,1,,1,1,,1,,1,,1,1,,1,,1,,1,1,,1,,1,,1,1,,1,,1,,1,1,,1,,1,,1,1,
001856722,Jevon Frye,1,,1,1,,,,1,,1,1,,,,1,,1,1,,,,1,,1,1,,,,1,,1,1,,,,1,,1,1,,,,1,,1,1,,,,1,,1,1,,,,1,,1,1,,,,1,,1,1,,,,1,,1
434239513,Huzaifah Fellows,1,1,,,,,,1,1,,,,,,1,1,,,,,,1,1,,,,,,1,1,,,,,,1,1,,,,,,1,1,,,,,,1,1,,,,,,1,1,,,,,,1,1,,,,,,1,1,
188393789,Sumaya Mckinney,1,,1,1,1,,,1,,1,1,1,,,1,,1,1,1,,,1,,1,1,1,,,1,,1,1,1,,,1,,1,1,1,,,1,,1,1,1,,,1,,1,1,,,,1,,1,1,1,,,1,,1,1,1,,,1,,1
735347374,Liliana Mohamed,1,1,,1,,,,1,1,,1,,,,1,1,,1,,,,1,1,,1,,,,1,1,,1,,,,1,1,,1,,,,1,1,,1,,,,1,1,,1,,,,1,1,,1,,,,1,1,,1,,,,1,1,
445907227,Reginald Bell,1,,1,,,1,,1,,1,,,1,,1,,1,,,1,,1,,1,,,1,,1,,1,,,1,,1,,1,,,1,,1,,1,,,1,,1,,1,,,1,,1,,1,,,1,,1,,1,,,1,,1,,1
580758255,Aarron Mays,1,1,,1,1,,,1,1,,1,1,,,1,1,,1,1,,,1,1,,1,1,,,1,1,,1,1,,,1,1,,1,1,,,1,1,,1,1,,,1,1,,1,,,,1,1,,1,1,,,1,1,,1,1,,,1,1,
178086378,Diane Mooney,1,,1,1,,,,1,,1,1,,,,1,,1,1,,,,1,,1,1,,,,1,,1,1,,,,1,,1,1,,,,1,,1,1,,,,1,,1,1,,,,1,,1,1,,,,1,,1,1,,,,1,,1
237260926,Yvette O'Moore,1,1,,,1,,1,1,1,,,1,,1,1,1,,,1,,1,1,1,,,1,,1,1,1,,,1,,1,1,1,,,1,,1,1,1,,,1,,1,1,1,,,,,1,1,1,,,1,,1,1,1,,,1,,1,1,1,
229866116,Mathilda Strong,1,,1,1,,,,1,,1,1,,,,1,,1,1,,,,1,,1,1,,,,1,,1,1,,,,1,,1,1,,,,1,,1,1,,,,1,,1,1,,,,1,,1,1,,,,1,,1,1,,,,1,,1
500326692,Priya Keenan,1,1,,1,,1,,1,1,,1,,1,,1,1,,1,,1,,1,1,,1,,1,,1,1,,1,,1,,1,1,,1,,1,,1,1,,1,,1,,1,1,,1,,1,,1,1,,1,,1,,1,1,,1,,1,,1,1,
300206783,Nathanial Le,1,,1,,,,,1,,1,,,,,1,,1,,,,,1,,1,,,,,1,,1,,,,,1,,1,,,,,1,,1,,,,,1,,1,,,,,1,,1,,,,,1,,1,,,,,1,,1
325972013,Julius Craft,1,1,,1,1,,,1,1,,1,1,,,1,1,,1,1,,,1,1,,1,1,,,1,1,,1,1,,,1,1,,1,1,,,1,1,,1,1,,,1,1,,1,,,,1,1,,1,1,,,1,1,,1,1,,,1,1,
808403710,Tadhg Mills,1,,1,1,,,,1,,1,1,,,,1,,1,1,,,,1,,1,1,,,,1,,1,1,,,,1,,1,1,,,,1,,1,1,,,,1,,1,1,,,,1,,1,1,,,,1,,1,1,,,,1,,1
003816991,Reef Forrest,1,1,,,,,,1,1,,,,,,1,1,,,,,,1,1,,,,,,1,1,,,,,,1,1,,,,,,1,1,,,,,,1,1,,,,,,1,1,,,,,,1,1,,,,,,1,1,
162782534,Rocco Lacey,1,,1,1,1,1,,1,,1,1,1,1,,1,,1,1,1,1,,1,,1,1,1,1,,1,,1,1,1,1,,1,,1,1,1,1,,1,,1,1,1,1,,1,,1,1,,1,,1,,1,1,1,1,,1,,1,1,1,1,,1,,1
320030667,Laurie Sanchez,1,1,,1,,,,1,1,,1,,,,1,1,,1,,,,1,1,,1,,,,1,1,,1,,,,1,1,,1,,,,1,1,,1,,,,1,1,,1,,,,1,1,,1,,,,1,1,,1,,,,1,1,
429421476,Aimee Sosa,1,,1,,1,,1,1,,1,,1,,1,1,,1,,1,,1,1,,1,,1,,1,1,,1,,1,,1,1,,1,,1,,1,1,,1,,1,,1,1,,1,,,,1,1,,1,,1,,1,1,,1,,1,,1,1,,1
488246649,Faraz Thorpe,1,1,,1,,,,1,1,,1,,,,1,1,,1,,,,1,1,,1,,,,1,1,,1,,,,1,1,,1,,,,1,1,,1,,,,1,1,,1,,,,1,1,,1,,,,1,1,,1,,,,1,1,
963890793,Lilianna Blanchard,1,,1,1,,,,1,,1,1,,,,1,,1,1,,,,1,,1,1,,,,1,,1,1,,,,1,,1,1,,,,1,,1,1,,,,1,,1,1,,,,1,,1,1,,,,1,,1,1,,,,1,,1
215913652,Kaydan Gross,1,1,,,,1,,1,1,,,,1,,1,1,,,,1,,1,1,,,,1,,1,1,,,,1,,1,1,,,,1,,1,1,,,,1,,1,1,,,,1,,1,1,,,,1,,1,1,,,,1,,1,1,
597453148,Montague Miles,1,,1,1,1,,,1,,1,1,1,,,1,,1,1,1,,,1,,1,1,1,,,1,,1,1,1,,,1,,1,1,1,,,1,,1,1,1,,,1,,1,1,,,,1,,1,1,1,,,1,,1,1,1,,,1,,1
690454279,Rhydian Vu,1,1,,1,,,,1,1,,1,,,,1,1,,1,,,,1,1,,1,,,,1,1,,1,,,,1,1,,1,,,,1,1,,1,,,,1,1,,1,,,,1,1,,1,,,,1,1,,1,,,,1,1,
463607001,Waqar Mccray,1,,1,,,,,1,,1,,,,,1,,1,,,,,1,,1,,,,,1,,1,,,,,1,,1,,,,,1,,1,,,,,1,,1,,,,,1,,1,,,,,1,,1,,,,,1,,1
300767484,Naya Mitchell,1,1,,1,1,,,1,1,,1,1,,,1,1,,1,1,,,1,1,,1,1,,,1,1,,1,1,,,1,1,,1,1,,,1,1,,1,1,,,1,1,,1,,,,1,1,,1,1,,,1,1,,1,1,,,1,1,
529764936,Allana Mullen,1,,1,1,,1,,1,,1,1,,1,,1,,1,1,,1,,1,,1,1,,1,,1,,1,1,,1,,1,,1,1,,1,,1,,1,1,,1,,1,,1,1,,1,,1,,1,1,,1,,1,,1,1,,1,,1,,1
881913076,Marius Riggs,1,1,,,1,,1,1,1,,,1,,1,1,1,,,1,,1,1,1,,,1,,1,1,1,,,1,,1,1,1,,,1,,1,1,1,,,1,,1,1,1,,,,,1,1,1,,,1,,1,1,1,,,1,,1,1,1,
738612018,Kade Mccall,1,,1,1,,,,1,,1,1,,,,1,,1,1,,,,1,,1,1,,,,1,,1,1,,,,1,,1,1,,,,1,,1,1,,,,1,,1,1,,,,1,,1,1,,,,1,,1,1,,,,1,,1
494421682,Winifred Sheehan,1,1,,1,,,,1,1,,1,,,,1,1,,1,,,,1,1,,1,,,,1,1,,1,,,,1,1,,1,,,,1,1,,1,,,,1,1,,1,,,,1,1,,1,,,,1,1,,1,,,,1,1,
161673699,Jules Mckee,1,,1,,,,,1,,1,,,,,1,,1,,,,,1,,1,,,,,1,,1,,,,,1,,1,,,,,1,,1,,,,,1,,1,,,,,1,,1,,,,,1,,1,,,,,1,,1
985549337,Damian Lord,1,1,,1,1,1,,1,1,,1,1,1,,1,1,,1,1,1,,1,1,,1,1,1,,1,1,,1,1,1,,1,1,,1,1,1,,1,1,,1,1,1,,1,1,,1,,1,,1,1,,1,1,1,,1,1,,1,1,1,,1,1,
917134263,Diego Davis,1,,1,1,,,,1,,1,1,,,,1,,1,1,,,,1,,1,1,,,,1,,1,1,,,,1,,1,1,,,,1,,1,1,,,,1,,1,1,,,,1,,1,1,,,,1,,1,1,,,,1,,1
068674168,Kristi Mcintosh,1,1,,,,,,1,1,,,,,,1,1,,,,,,1,1,,,,,,1,1,,,,,,1,1,,,,,,1,1,,,,,,1,1,,,,,,1,1,,,,,,1,1,,,,,,1,1,
671840303,Alexie Proctor,1,,1,1,1,,,1,,1,1,1,,,1,,1,1,1,,,1,,1,1,1,,,1,,1,1,1,,,1,,1,1,1,,,1,,1,1,1,,,1,,1,1,,,,1,,1,1,1,,,1,,1,1,1,,,1,,1
383560157,Rhea Carlson,1,1,,1,,,,1,1,,1,,,,1,1,,1,,,,1,1,,1,,,,1,1,,1,,,,1,1,,1,,,,1,1,,1,,,,1,1,,1,,,,1,1,,1,,,,1,1,,1,,,,1,1,
815831495,Tamzin Francis,1,,1,,1,1,1,1,,1,,1,1,1,1,,1,,1,1,1,1,,1,,1,1,1,1,,1,,1,1,1,1,,1,,1,1,1,1,,1,,1,1,1,1,,1,,,1,1,1,,1,,1,1,1,1,,1,,1,1,1,1,,1
656509798,Hadley Wilde,1,1,,1,,,,1,1,,1,,,,1,1,,1,,,,1,1,,1,,,,1,1,,1,,,,1,1,,1,,,,1,1,,1,,,,1,1,,1,,,,1,1,,1,,,,1,1,,1,,,,1,1,
155991574,Amal Levy,1,,1,1,,,,1,,1,1,,,,1,,1,1,,,,1,,1,1,,,,1,,1,1,,,,1,,1,1,,,,1,,1,1,,,,1,,1,1,,,,1,,1,1,,,,1,,1,1,,,,1,,1
649579964,Kelsi Thornton,1,1,,,,,,1,1,,,,,,1,1,,,,,,1,1,,,,,,1,1,,,,,,1,1,,,,,,1,1,,,,,,1,1,,,,,,1,1,,,,,,1,1,,,,,,1,1,
842163684,Uma Bateman,1,,1,1,1,,,1,,1,1,1,,,1,,1,1,1,,,1,,1,1,1,,,1,,1,1,1,,,1,,1,1,1,,,1,,1,1,1,,,1,,1,1,,,,1,,1,1,1,,,1,,1,1,1,,,1,,1
874135024,Gilbert Mack,1,1,,1,,1,,1,1,,1,,1,,1,1,,1,,1,,1,1,,1,,1,,1,1,,1,,1,,1,1,,1,,1,,1,1,,1,,1,,1,1,,1,,1,,1,1,,1,,1,,1,1,,1,,1,,1,1,
139520890,Mack Holder,1,,1,,,,,1,,1,,,,,1,,1,,,,,1,,1,,,,,1,,1,,,,,1,,1,,,,,1,,1,,,,,1,,1,,,,,1,,1,,,,,1,,1,,,,,1,,1
022730805,Kyla Wall,1,1,,1,1,,,1,1,,1,1,,,1,1,,1,1,,,1,1,,1,1,,,1,1,,1,1,,,1,1,,1,1,,,1,1,,1,1,,,1,1,,1,,,,1,1,,1,1,,,1,1,,1,1,,,1,1,
983025643,Danyl Vaughan,1,,1,1,,,,1,,1,1,,,,1,,1,1,,,,1,,1,1,,,,1,,1,1,,,,1,,1,1,,,,1,,1,1,,,,1,,1,1,,,,1,,1,1,,,,1,,1,1,,,,1,,1
565498231,Danyaal Stamp,1,1,,,1,,1,1,1,,,1,,1,1,1,,,1,,1,1,1,,,1,,1,1,1,,,1,,1,1,1,,,1,,1,1,1,,,1,,1,1,1,,,,,1,1,1,,,1,,1,1,1,,,1,,1,1,1,
453938661,Helin Yates,1,,1,1,,1,,1,,1,1,,1,,1,,1,1,,1,,1,,1,1,,1,,1,,1,1,,1,,1,,1,1,,1,,1,,1,1,,1,,1,,1,1,,1,,1,,1,1,,1,,1,,1,1,,1,,1,,1
472581987,Ameerah Cole,1,1,,1,,,,1,1,,1,,,,1,1,,1,,,,1,1,,1,,,,1,1,,1,,,,1,1,,1,,,,1,1,,1,,,,1,1,,1,,,,1,1,,1,,,,1,1,,1,,,,1,1,
777441875,Jenna Hutchinson,1,,1,,,,,1,,1,,,,,1,,1,,,,,1,,1,,,,,1,,1,,,,,1,,1,,,,,1,,1,,,,,1,,1,,,,,1,,1,,,,,1,,1,,,,,1,,1
878730291,Sohaib Poole,1,1,,1,1,,,1,1,,1,1,,,1,1,,1,1,,,1,1,,1,1,,,1,1,,1,1,,,1,1,,1,1,,,1,1,,1,1,,,1,1,,1,,,,1,1,,1,1,,,1,1,,1,1,,,1,1,
293117510,Olivia-Grace Ortega,1,,1,1,,,,1,,1,1,,,,1,,1,1,,,,1,,1,1,,,,1,,1,1,,,,1,,1,1,,,,1,,1,1,,,,1,,1,1,,,,1,,1,1,,,,1,,1,1,,,,1,,1
631008538,Sophie Crowther,1,1,,,,1,,1,1,,,,1,,1,1,,,,1,,1,1,,,,1,,1,1,,,,1,,1,1,,,,1,,1,1,,,,1,,1,1,,,,1,,1,1,,,,1,,1,1,,,,1,,1,1,
274464035,Hakim Wicks,1,,1,1,1,,,1,,1,1,1,,,1,,1,1,1,,,1,,1,1,1,,,1,,1,1,1,,,1,,1,1,1,,,1,,1,1,1,,,1,,1,1,,,,1,,1,1,1,,,1,,1,1,1,,,1,,1
363400602,Sheikh Fountain,1,1,,1,,,,1,1,,1,,,,1,1,,1,,,,1,1,,1,,,,1,1,,1,,,,1,1,,1,,,,1,1,,1,,,,1,1,,1,,,,1,1,,1,,,,1,1,,1,,,,1,1,
686039233,Selin Robertson,1,,1,,1,,1,1,,1,,1,,1,1,,1,,1,,1,1,,1,,1,,1,1,,1,,1,,1,1,,1,,1,,1,1,,1,,1,,1,1,,1,,,,1,1,,1,,1,,1,1,,1,,1,,1,1,,1
274265273,Maizie Foley,1,1,,1,,,,1,1,,1,,,,1,1,,1,,,,1,1,,1,,,,1,1,,1,,,,1,1,,1,,,,1,1,,1,,,,1,1,,1,,,,1,1,,1,,,,1,1,,1,,,,1,1,
067662380,Ayden Dillon,1,,1,1,,1,,1,,1,1,,1,,1,,1,1,,1,,1,,1,1,,1,,1,,1,1,,1,,1,,1,1,,1,,1,,1,1,,1,,1,,1,1,,1,,1,,1,1,,1,,1,,1,1,,1,,1,,1
504802334,Burhan Pearce,1,1,,,,,,1,1,,,,,,1,1,,,,,,1,1,,,,,,1,1,,,,,,1,1,,,,,,1,1,,,,,,1,1,,,,,,1,1,,,,,,1,1,,,,,,1,1,
230307913,Cally Griffiths,1,,1,1,1,,,1,,1,1,1,,,1,,1,1,1,,,1,,1,1,1,,,1,,1,1,1,,,1,,1,1,1,,,1,,1,1,1,,,1,,1,1,,,,1,,1,1,1,,,1,,1,1,1,,,1,,1
793606469,India Serrano,1,1,,1,,,,1,1,,1,,,,1,1,,1,,,,1,1,,1,,,,1,1,,1,,,,1,1,,1,,,,1,1,,1,,,,1,1,,1,,,,1,1,,1,,,,1,1,,1,,,,1,1,
185424320,Arun Donovan,1,,1,,,,,1,,1,,,,,1,,1,,,,,1,,1,,,,,1,,1,,,,,1,,1,,,,,1,,1,,,,,1,,1,,,,,1,,1,,,,,1,,1,,,,,1,,1
015415248,Hamza Goodwin,1,1,,1,1,1,,1,1,,1,1,1,,1,1,,1,1,1,,1,1,,1,1,1,,1,1,,1,1,1,,1,1,,1,1,1,,1,1,,1,1,1,,1,1,,1,,1,,1,1,,1,1,1,,1,1,,1,1,1,,1,1,
578847971,Gurdeep Lucas,1,,1,1,,,,1,,1,1,,,,1,,1,1,,,,1,,1,1,,,,1,,1,1,,,,1,,1,1,,,,1,,1,1,,,,1,,1,1,,,,1,,1,1,,,,1,,1,1,,,,1,,1
202986655,Dua Goff,1,1,,,1,,1,1,1,,,1,,1,1,1,,,1,,1,1,1,,,1,,1,1,1,,,1,,1,1,1,,,1,,1,1,1,,,1,,1,1,1,,,,,1,1,1,,,1,,1,1,1,,,1,,1,1,1,
243428156,Sammy King,1,,1,1,,,,1,,1,1,,,,1,,1,1,,,,1,,1,1,,,,1,,1,1,,,,1,,1,1,,,,1,,1,1,,,,1,,1,1,,,,1,,1,1,,,,1,,1,1,,,,1,,1
645706128,Brook Cuevas,1,1,,1,,,,1,1,,1,,,,1,1,,1,,,,1,1,,1,,,,1,1,,1,,,,1,1,,1,,,,1,1,,1,,,,1,1,,1,,,,1,1,,1,,,,1,1,,1,,,,1,1,
259929034,Adyan Stevenson,1,,1,,,1,,1,,1,,,1,,1,,1,,,1,,1,,1,,,1,,1,,1,,,1,,1,,1,,,1,,1,,1,,,1,,1,,1,,,1,,1,,1,,,1,,1,,1,,,1,,1,,1
682311609,Lachlan Kinney,1,1,,1,1,,,1,1,,1,1,,,1,1,,1,1,,,1,1,,1,1,,,1,1,,1,1,,,1,1,,1,1,,,1,1,,1,1,,,1,1,,1,,,,1,1,,1,1,,,1,1,,1,1,,,1,1,
588641383,Issa Shannon,1,,1,1,,,,1,,1,1,,,,1,,1,1,,,,1,,1,1,,,,1,,1,1,,,,1,,1,1,,,,1,,1,1,,,,1,,1,1,,,,1,,1,1,,,,1,,1,1,,,,1,,1
633255525,Izaak Christie,1,1,,,,,,1,1,,,,,,1,1,,,,,,1,1,,,,,,1,1,,,,,,1,1,,,,,,1,1,,,,,,1,1,,,,,,1,1,,,,,,1,1,,,,,,1,1,
945514330,Artur Hines,1,,1,1,1,,,1,,1,1,1,,,1,,1,1,1,,,1,,1,1,1,,,1,,1,1,1,,,1,,1,1,1,,,1,,1,1,1,,,1,,1,1,,,,1,,1,1,1,,,1,,1,1,1,,,1,,1
101560492,Sameera Rigby,1,1,,1,,1,,1,1,,1,,1,,1,1,,1,,1,,1,1,,1,,1,,1,1,,1,,1,,1,1,,1,,1,,1,1,,1,,1,,1,1,,1,,1,,1,1,,1,,1,,1,1,,1,,1,,1,1,
035187007,Jamelia Cordova,1,,1,,1,,1,1,,1,,1,,1,1,,1,,1,,1,1,,1,,1,,1,1,,1,,1,,1,1,,1,,1,,1,1,,1,,1,,1,1,,1,,,,1,1,,1,,1,,1,1,,1,,1,,1,1,,1
216305888,Nathanial Dennis,1,1,,1,,,,1,1,,1,,,,1,1,,1,,,,1,1,,1,,,,1,1,,1,,,,1,1,,1,,,,1,1,,1,,,,1,1,,1,,,,1,1,,1,,,,1,1,,1,,,,1,1,
479454710,Hubert Mcbride,1,,1,1,,,,1,,1,1,,,,1,,1,1,,,,1,,1,1,,,,1,,1,1,,,,1,,1,1,,,,1,,1,1,,,,1,,1,1,,,,1,,1,1,,,,1,,1,1,,,,1,,1
031422423,Kenzie Broughton,1,1,,,,,,1,1,,,,,,1,1,,,,,,1,1,,,,,,1,1,,,,,,1,1,,,,,,1,1,,,,,,1,1,,,,,,1,1,,,,,,1,1,,,,,,1,1,
185400724,Abigale Adam,1,,1,1,1,1,,1,,1,1,1,1,,1,,1,1,1,1,,1,,1,1,1,1,,1,,1,1,1,1,,1,,1,1,1,1,,1,,1,1,1,1,,1,,1,1,,1,,1,,1,1,1,1,,1,,1,1,1,1,,1,,1
824673634,Aimie Andrew,1,1,,1,,,,1,1,,1,,,,1,1,,1,,,,1,1,,1,,,,1,1,,1,,,,1,1,,1,,,,1,1,,1,,,,1,1,,1,,,,1,1,,1,,,,1,1,,1,,,,1,1,
485622602,Astrid Ray,1,,1,,,,,1,,1,,,,,1,,1,,,,,1,,1,,,,,1,,1,,,,,1,,1,,,,,1,,1,,,,,1,,1,,,,,1,,1,,,,,1,,1,,,,,1,,1
923170207,Cherise Cornish,1,1,,1,1,,,1,1,,1,1,,,1,1,,1,1,,,1,1,,1,1,,,1,1,,1,1,,,1,1,,1,1,,,1,1,,1,1,,,1,1,,1,,,,1,1,,1,1,,,1,1,,1,1,,,1,1,
116461403,Jorge Mccarthy,1,,1,1,,,,1,,1,1,,,,1,,1,1,,,,1,,1,1,,,,1,,1,1,,,,1,,1,1,,,,1,,1,1,,,,1,,1,1,,,,1,,1,1,,,,1,,1,1,,,,1,,1
517976256,Nichole Bellamy,1,1,,,1,1,1,1,1,,,1,1,1,1,1,,,1,1,1,1,1,,,1,1,1,1,1,,,1,1,1,1,1,,,1,1,1,1,1,,,1,1,1,1,1,,,,1,1,1,1,,,1,1,1,1,1,,,1,1,1,1,1,
164451228,Ignacy Suarez,1,,1,1,,,,1,,1,1,,,,1,,1,1,,,,1,,1,1,,,,1,,1,1,,,,1,,1,1,,,,1,,1,1,,,,1,,1,1,,,,1,,1,1,,,,1,,1,1,,,,1,,1
746370745,Sonya Leblanc,1,1,,1,,,,1,1,,1,,,,1,1,,1,,,,1,1,,1,,,,1,1,,1,,,,1,1,,1,,,,1,1,,1,,,,1,1,,1,,,,1,1,,1,,,,1,1,,1,,,,1,1,
016799604,Karolina Tyson,1,,1,,,,,1,,1,,,,,1,,1,,,,,1,,1,,,,,1,,1,,,,,1,,1,,,,,1,,1,,,,,1,,1,,,,,1,,1,,,,,1,,1,,,,,1,,1
380900216,Hassan Oliver,1,1,,1,1,,,1,1,,1,1,,,1,1,,1,1,,,1,1,,1,1,,,1,1,,1,1,,,1,1,,1,1,,,1,1,,1,1,,,1,1,,1,,,,1,1,,1,1,,,1,1,,1,1,,,1,1,
601344773,Anees Wilkerson,1,,1,1,,1,,1,,1,1,,1,,1,,1,1,,1,,1,,1,1,,1,,1,,1,1,,1,,1,,1,1,,1,,1,,1,1,,1,,1,,1,1,,1,,1,,1,1,,1,,1,,1,1,,1,,1,,1
030881691,Isha Spencer,1,1,,,,,,1,1,,,,,,1,1,,,,,,1,1,,,,,,1,1,,,,,,1,1,,,,,,1,1,,,,,,1,1,,,,,,1,1,,,,,,1,1,,,,,,1,1,
575641564,Kira Good,1,,1,1,1,,,1,,1,1,1,,,1,,1,1,1,,,1,,1,1,1,,,1,,1,1,1,,,1,,1,1,1,,,1,,1,1,1,,,1,,1,1,,,,1,,1,1,1,,,1,,1,1,1,,,1,,1
973097424,Awais Redmond,1,1,,1,,,,1,1,,1,,,,1,1,,1,,,,1,1,,1,,,,1,1,,1,,,,1,1,,1,,,,1,1,,1,,,,1,1,,1,,,,1,1,,1,,,,1,1,,1,,,,1,1,
170738325,Una Vargas,1,,1,,1,,1,1,,1,,1,,1,1,,1,,1,,1,1,,1,,1,,1,1,,1,,1,,1,1,,1,,1,,1,1,,1,,1,,1,1,,1,,,,1,1,,1,,1,,1,1,,1,,1,,1,1,,1
775562682,Ariadne Frank,1,1,,1,,1,,1,1,,1,,1,,1,1,,1,,1,,1,1,,1,,1,,1,1,,1,,1,,1,1,,1,,1,,1,1,,1,,1,,1,1,,1,,1,,1,1,,1,,1,,1,1,,1,,1,,1,1,
550538641,Macie Nash,1,,1,1,,,,1,,1,1,,,,1,,1,1,,,,1,,1,1,,,,1,,1,1,,,,1,,1,1,,,,1,,1,1,,,,1,,1,1,,,,1,,1,1,,,,1,,1,1,,,,1,,1
330133364,Scarlett-Rose Villa,1,1,,,,,,1,1,,,,,,1,1,,,,,,1,1,,,,,,1,1,,,,,,1,1,,,,,,1,1,,,,,,1,1,,,,,,1,1,,,,,,1,1,,,,,,1,1,
737841155,Fahim Solis,1,,1,1,1,,,1,,1,1,1,,,1,,1,1,1,,,1,,1,1,1,,,1,,1,1,1,,,1,,1,1,1,,,1,,1,1,1,,,1,,1,1,,,,1,,1,1,1,,,1,,1,1,1,,,1,,1
114676610,Korben Petersen,1,1,,1,,,,1,1,,1,,,,1,1,,1,,,,1,1,,1,,,,1,1,,1,,,,1,1,,1,,,,1,1,,1,,,,1,1,,1,,,,1,1,,1,,,,1,1,,1,,,,1,1,
623828312,Nabil Fellows,1,,1,,,1,,1,,1,,,1,,1,,1,,,1,,1,,1,,,1,,1,,1,,,1,,1,,1,,,1,,1,,1,,,1,,1,,1,,,1,,1,,1,,,1,,1,,1,,,1,,1,,1
366448901,Breanna Lambert,1,1,,1,1,,,1,1,,1,1,,,1,1,,1,1,,,1,1,,1,1,,,1,1,,1,1,,,1,1,,1,1,,,1,1,,1,1,,,1,1,,1,,,,1,1,,1,1,,,1,1,,1,1,,,1,1,
282172661,Manha Salazar,1,,1,1,,,,1,,1,1,,,,1,,1,1,,,,1,,1,1,,,,1,,1,1,,,,1,,1,1,,,,1,,1,1,,,,1,,1,1,,,,1,,1,1,,,,1,,1,1,,,,1,,1
725844055,Amie Gonzales,1,1,,,1,,1,1,1,,,1,,1,1,1,,,1,,1,1,1,,,1,,1,1,1,,,1,,1,1,1,,,1,,1,1,1,,,1,,1,1,1,,,,,1,1,1,,,1,,1,1,1,,,1,,1,1,1,
235344521,Akeem Schwartz,1,,1,1,,,,1,,1,1,,,,1,,1,1,,,,1,,1,1,,,,1,,1,1,,,,1,,1,1,,,,1,,1,1,,,,1,,1,1,,,,1,,1,1,,,,1,,1,1,,,,1,,1
442310799,Imani Mayer,1,1,,1,,1,,1,1,,1,,1,,1,1,,1,,1,,1,1,,1,,1,,1,1,,1,,1,,1,1,,1,,1,,1,1,,1,,1,,1,1,,1,,1,,1,1,,1,,1,,1,1,,1,,1,,1,1,
639881514,Carl Whitfield,1,,1,,,,,1,,1,,,,,1,,1,,,,,1,,1,,,,,1,,1,,,,,1,,1,,,,,1,,1,,,,,1,,1,,,,,1,,1,,,,,1,,1,,,,,1,,1
447760306,Dianne Wiley,1,1,,1,1,,,1,1,,1,1,,,1,1,,1,1,,,1,1,,1,1,,,1,1,,1,1,,,1,1,,1,1,,,1,1,,1,1,,,1,1,,1,,,,1,1,,1,1,,,1,1,,1,1,,,1,1,
826346022,Konrad Bean,1,,1,1,,,,1,,1,1,,,,1,,1,1,,,,1,,1,1,,,,1,,1,1,,,,1,,1,1,,,,1,,1,1,,,,1,,1,1,,,,1,,1,1,,,,1,,1,1,,,,1,,1
174012631,Bessie Esparza,1,1,,,,,,1,1,,,,,,1,1,,,,,,1,1,,,,,,1,1,,,,,,1,1,,,,,,1,1,,,,,,1,1,,,,,,1,1,,,,,,1,1,,,,,,1,1,
948943796,Bert Stewart,1,,1,1,1,1,,1,,1,1,1,1,,1,,1,1,1,1,,1,,1,1,1,1,,1,,1,1,1,1,,1,,1,1,1,1,,1,,1,1,1,1,,1,,1,1,,1,,1,,1,1,1,1,,1,,1,1,1,1,,1,,1
425910330,Fay Turner,1,1,,1,,,,1,1,,1,,,,1,1,,1,,,,1,1,,1,,,,1,1,,1,,,,1,1,,1,,,,1,1,,1,,,,1,1,,1,,,,1,1,,1,,,,1,1,,1,,,,1,1,
092508382,Jody Whitmore,1,,1,,1,,1,1,,1,,1,,1,1,,1,,1,,1,1,,1,,1,,1,1,,1,,1,,1,1,,1,,1,,1,1,,1,,1,,1,1,,1,,,,1,1,,1,,1,,1,1,,1,,1,,1,1,,1
922180975,Paisley Callahan,1,1,,1,,,,1,1,,1,,,,1,1,,1,,,,1,1,,1,,,,1,1,,1,,,,1,1,,1,,,,1,1,,1,,,,1,1,,1,,,,1,1,,1,,,,1,1,,1,,,,1,1,
292036514,Oliver Mackenzie,1,,1,1,,,,1,,1,1,,,,1,,1,1,,,,1,,1,1,,,,1,,1,1,,,,1,,1,1,,,,1,,1,1,,,,1,,1,1,,,,1,,1,1,,,,1,,1,1,,,,1,,1
273358373,Huda Fox,1,1,,,,1,,1,1,,,,1,,1,1,,,,1,,1,1,,,,1,,1,1,,,,1,,1,1,,,,1,,1,1,,,,1,,1,1,,,,1,,1,1,,,,1,,1,1,,,,1,,1,1,
101803044,Enoch Benson,1,,1,1,1,,,1,,1,1,1,,,1,,1,1,1,,,1,,1,1,1,,,1,,1,1,1,,,1,,1,1,1,,,1,,1,1,1,,,1,,1,1,,,,1,,1,1,1,,,1,,1,1,1,,,1,,1
560473936,Tyrone Watson,1,1,,1,,,,1,1,,1,,,,1,1,,1,,,,1,1,,1,,,,1,1,,1,,,,1,1,,1,,,,1,1,,1,,,,1,1,,1,,,,1,1,,1,,,,1,1,,1,,,,1,1,
703442782,Juliet Sparks,1,,1,,,,,1,,1,,,,,1,,1,,,,,1,,1,,,,,1,,1,,,,,1,,1,,,,,1,,1,,,,,1,,1,,,,,1,,1,,,,,1,,1,,,,,1,,1
764947381,Willow Barrera,1,1,,1,1,,,1,1,,1,1,,,1,1,,1,1,,,1,1,,1,1,,,1,1,,1,1,,,1,1,,1,1,,,1,1,,1,1,,,1,1,,1,,,,1,1,,1,1,,,1,1,,1,1,,,1,1,
385016849,Teddy O'Ryan,1,,1,1,,1,,1,,1,1,,1,,1,,1,1,,1,,1,,1,1,,1,,1,,1,1,,1,,1,,1,1,,1,,1,,1,1,,1,,1,,1,1,,1,,1,,1,1,,1,,1,,1,1,,1,,1,,1
024379142,Maverick Holding,1,1,,,1,,1,1,1,,,1,,1,1,1,,,1,,1,1,1,,,1,,1,1,1,,,1,,1,1,1,,,1,,1,1,1,,,1,,1,1,1,,,,,1,1,1,,,1,,1,1,1,,,1,,1,1,1,
065959919,Karim Millar,1,,1,1,,,,1,,1,1,,,,1,,1,1,,,,1,,1,1,,,,1,,1,1,,,,1,,1,1,,,,1,,1,1,,,,1,,1,1,,,,1,,1,1,,,,1,,1,1,,,,1,,1
257183413,Emilio Tapia,1,1,,1,,,,1,1,,1,,,,1,1,,1,,,,1,1,,1,,,,1,1,,1,,,,1,1,,1,,,,1,1,,1,,,,1,1,,1,,,,1,1,,1,,,,1,1,,1,,,,1,1,
671829469,Amman Snyder,1,,1,,,,,1,,1,,,,,1,,1,,,,,1,,1,,,,,1,,1,,,,,1,,1,,,,,1,,1,,,,,1,,1,,,,,1,,1,,,,,1,,1,,,,,1,,1
319612526,Manahil Bruce,1,1,,1,1,1,,1,1,,1,1,1,,1,1,,1,1,1,,1,1,,1,1,1,,1,1,,1,1,1,,1,1,,1,1,1,,1,1,,1,1,1,,1,1,,1,,1,,1,1,,1,1,1,,1,1,,1,1,1,,1,1,
000423065,Gracie-May Dominguez,1,,1,1,,,,1,,1,1,,,,1,,1,1,,,,1,,1,1,,,,1,,1,1,,,,1,,1,1,,,,1,,1,1,,,,1,,1,1,,,,1,,1,1,,,,1,,1,1,,,,1,,1
089415225,Caitlin Greer,1,1,,,,,,1,1,,,,,,1,1,,,,,,1,1,,,,,,1,1,,,,,,1,1,,,,,,1,1,,,,,,1,1,,,,,,1,1,,,,,,1,1,,,,,,1,1,
672470854,Zayan Herring,1,,1,1,1,,,1,,1,1,1,,,1,,1,1,1,,,1,,1,1,1,,,1,,1,1,1,,,1,,1,1,1,,,1,,1,1,1,,,1,,1,1,,,,1,,1,1,1,,,1,,1,1,1,,,1,,1
491949879,Jacque Donovan,1,1,,1,,,,1,1,,1,,,,1,1,,1,,,,1,1,,1,,,,1,1,,1,,,,1,1,,1,,,,1,1,,1,,,,1,1,,1,,,,1,1,,1,,,,1,1,,1,,,,1,1,
383419450,Greta Rahman,1,,1,,1,1,1,1,,1,,1,1,1,1,,1,,1,1,1,1,,1,,1,1,1,1,,1,,1,1,1,1,,1,,1,1,1,1,,1,,1,1,1,1,,1,,,1,1,1,,1,,1,1,1,1,,1,,1,1,1,1,,1
752855001,Fabio Pike,1,1,,1,,,,1,1,,1,,,,1,1,,1,,,,1,1,,1,,,,1,1,,1,,,,1,1,,1,,,,1,1,,1,,,,1,1,,1,,,,1,1,,1,,,,1,1,,1,,,,1,1,
005326418,Safaa Handley,1,,1,1,,,,1,,1,1,,,,1,,1,1,,,,1,,1,1,,,,1,,1,1,,,,1,,1,1,,,,1,,1,1,,,,1,,1,1,,,,1,,1,1,,,,1,,1,1,,,,1,,1
602385894,Yash Workman,1,1,,,,,,1,1,,,,,,1,1,,,,,,1,1,,,,,,1,1,,,,,,1,1,,,,,,1,1,,,,,,1,1,,,,,,1,1,,,,,,1,1,,,,,,1,1,
682524622,Toni Porter,1,,1,1,1,,,1,,1,1,1,,,1,,1,1,1,,,1,,1,1,1,,,1,,1,1,1,,,1,,1,1,1,,,1,,1,1,1,,,1,,1,1,,,,1,,1,1,1,,,1,,1,1,1,,,1,,1
298661578,Austen Knight,1,1,,1,,1,,1,1,,1,,1,,1,1,,1,,1,,1,1,,1,,1,,1,1,,1,,1,,1,1,,1,,1,,1,1,,1,,1,,1,1,,1,,1,,1,1,,1,,1,,1,1,,1,,1,,1,1,
877617505,Tia Sutherland,1,,1,,,,,1,,1,,,,,1,,1,,,,,1,,1,,,,,1,,1,,,,,1,,1,,,,,1,,1,,,,,1,,1,,,,,1,,1,,,,,1,,1,,,,,1,,1
849083107,Celine Talbot,1,1,,1,1,,,1,1,,1,1,,,1,1,,1,1,,,1,1,,1,1,,,1,1,,1,1,,,1,1,,1,1,,,1,1,,1,1,,,1,1,,1,,,,1,1,,1,1,,,1,1,,1,1,,,1,1,
804615001,Edith Owen,1,,1,1,,,,1,,1,1,,,,1,,1,1,,,,1,,1,1,,,,1,,1,1,,,,1,,1,1,,,,1,,1,1,,,,1,,1,1,,,,1,,1,1,,,,1,,1,1,,,,1,,1
541504066,Romilly Norman,1,1,,,1,,1,1,1,,,1,,1,1,1,,,1,,1,1,1,,,1,,1,1,1,,,1,,1,1,1,,,1,,1,1,1,,,1,,1,1,1,,,,,1,1,1,,,1,,1,1,1,,,1,,1,1,1,
361449255,Harvey-Lee Mcdonald,1,,1,1,,1,,1,,1,1,,1,,1,,1,1,,1,,1,,1,1,,1,,1,,1,1,,1,,1,,1,1,,1,,1,,1,1,,1,,1,,1,1,,1,,1,,1,1,,1,,1,,1,1,,1,,1,,1
504908570,Rudra Goodwin,1,1,,1,,,,1,1,,1,,,,1,1,,1,,,,1,1,,1,,,,1,1,,1,,,,1,1,,1,,,,1,1,,1,,,,1,1,,1,,,,1,1,,1,,,,1,1,,1,,,,1,1,
525616764,Sheldon Galvan,1,,1,,,,,1,,1,,,,,1,,1,,,,,1,,1,,,,,1,,1,,,,,1,,1,,,,,1,,1,,,,,1,,1,,,,,1,,1,,,,,1,,1,,,,,1,,1
531873082,Hadley Atkins,1,1,,1,1,,,1,1,,1,1,,,1,1,,1,1,,,1,1,,1,1,,,1,1,,1,1,,,1,1,,1,1,,,1,1,,1,1,,,1,1,,1,,,,1,1,,1,1,,,1,1,,1,1,,,1,1,
367300351,Chandler Browne,1,,1,1,,,,1,,1,1,,,,1,,1,1,,,,1,,1,1,,,,1,,1,1,,,,1,,1,1,,,,1,,1,1,,,,1,,1,1,,,,1,,1,1,,,,1,,1,1,,,,1,,1
957953874,Arbaaz Chandler,1,1,,,,1,,1,1,,,,1,,1,1,,,,1,,1,1,,,,1,,1,1,,,,1,,1,1,,,,1,,1,1,,,,1,,1,1,,,,1,,1,1,,,,1,,1,1,,,,1,,1,1,
333164457,Cally Pugh,1,,1,1,1,,,1,,1,1,1,,,1,,1,1,1,,,1,,1,1,1,,,1,,1,1,1,,,1,,1,1,1,,,1,,1,1,1,,,1,,1,1,,,,1,,1,1,1,,,1,,1,1,1,,,1,,1
735285576,Dominik Tucker,1,1,,1,,,,1,1,,1,,,,1,1,,1,,,,1,1,,1,,,,1,1,,1,,,,1,1,,1,,,,1,1,,1,,,,1,1,,1,,,,1,1,,1,,,,1,1,,1,,,,1,1,
538632509,Devin Knott,1,,1,,1,,1,1,,1,,1,,1,1,,1,,1,,1,1,,1,,1,,1,1,,1,,1,,1,1,,1,,1,,1,1,,1,,1,,1,1,,1,,,,1,1,,1,,1,,1,1,,1,,1,,1,1,,1
082362344,Kelsie Novak,1,1,,1,,,,1,1,,1,,,,1,1,,1,,,,1,1,,1,,,,1,1,,1,,,,1,1,,1,,,,1,1,,1,,,,1,1,,1,,,,1,1,,1,,,,1,1,,1,,,,1,1,
983405101,Johnnie Wolfe,1,,1,1,,1,,1,,1,1,,1,,1,,1,1,,1,,1,,1,1,,1,,1,,1,1,,1,,1,,1,1,,1,,1,,1,1,,1,,1,,1,1,,1,,1,,1,1,,1,,1,,1,1,,1,,1,,1
980127236,Barbara Melton,1,1,,,,,,1,1,,,,,,1,1,,,,,,1,1,,,,,,1,1,,,,,,1,1,,,,,,1,1,,,,,,1,1,,,,,,1,1,,,,,,1,1,,,,,,1,1,
728303992,Pearce Brook,1,,1,1,1,,,1,,1,1,1,,,1,,1,1,1,,,1,,1,1,1,,,1,,1,1,1,,,1,,1,1,1,,,1,,1,1,1,,,1,,1,1,,,,1,,1,1,1,,,1,,1,1,1,,,1,,1
726506649,Klara Doherty,1,1,,1,,,,1,1,,1,,,,1,1,,1,,,,1,1,,1,,,,1,1,,1,,,,1,1,,1,,,,1,1,,1,,,,1,1,,1,,,,1,1,,1,,,,1,1,,1,,,,1,1,
919582682,Darnell Simpson,1,,1,,,,,1,,1,,,,,1,,1,,,,,1,,1,,,,,1,,1,,,,,1,,1,,,,,1,,1,,,,,1,,1,,,,,1,,1,,,,,1,,1,,,,,1,,1
055574903,Mia Rooney,1,1,,1,1,1,,1,1,,1,1,1,,1,1,,1,1,1,,1,1,,1,1,1,,1,1,,1,1,1,,1,1,,1,1,1,,1,1,,1,1,1,,1,1,,1,,1,,1,1,,1,1,1,,1,1,,1,1,1,,1,1,
184617780,Teodor Woolley,1,,1,1,,,,1,,1,1,,,,1,,1,1,,,,1,,1,1,,,,1,,1,1,,,,1,,1,1,,,,1,,1,1,,,,1,,1,1,,,,1,,1,1,,,,1,,1,1,,,,1,,1
041403864,Koa Klein,1,1,,,1,,1,1,1,,,1,,1,1,1,,,1,,1,1,1,,,1,,1,1,1,,,1,,1,1,1,,,1,,1,1,1,,,1,,1,1,1,,,,,1,1,1,,,1,,1,1,1,,,1,,1,1,1,
532868961,Georga Carney,1,,1,1,,,,1,,1,1,,,,1,,1,1,,,,1,,1,1,,,,1,,1,1,,,,1,,1,1,,,,1,,1,1,,,,1,,1,1,,,,1,,1,1,,,,1,,1,1,,,,1,,1
358639784,Koby Newton,1,1,,1,,,,1,1,,1,,,,1,1,,1,,,,1,1,,1,,,,1,1,,1,,,,1,1,,1,,,,1,1,,1,,,,1,1,,1,,,,1,1,,1,,,,1,1,,1,,,,1,1,
607311928,Kate Colley,1,,1,,,1,,1,,1,,,1,,1,,1,,,1,,1,,1,,,1,,1,,1,,,1,,1,,1,,,1,,1,,1,,,1,,1,,1,,,1,,1,,1,,,1,,1,,1,,,1,,1,,1
366594505,Estelle Dudley,1,1,,1,1,,,1,1,,1,1,,,1,1,,1,1,,,1,1,,1,1,,,1,1,,1,1,,,1,1,,1,1,,,1,1,,1,1,,,1,1,,1,,,,1,1,,1,1,,,1,1,,1,1,,,1,1,
886120549,Samson Turnbull,1,,1,1,,,,1,,1,1,,,,1,,1,1,,,,1,,1,1,,,,1,,1,1,,,,1,,1,1,,,,1,,1,1,,,,1,,1,1,,,,1,,1,1,,,,1,,1,1,,,,1,,1
259856380,Conner Mcintosh,1,1,,,,,,1,1,,,,,,1,1,,,,,,1,1,,,,,,1,1,,,,,,1,1,,,,,,1,1,,,,,,1,1,,,,,,1,1,,,,,,1,1,,,,,,1,1,
293280989,Amayah Lancaster,1,,1,1,1,,,1,,1,1,1,,,1,,1,1,1,,,1,,1,1,1,,,1,,1,1,1,,,1,,1,1,1,,,1,,1,1,1,,,1,,1,1,,,,1,,1,1,1,,,1,,1,1,1,,,1,,1
340517217,Dewey York,1,1,,1,,1,,1,1,,1,,1,,1,1,,1,,1,,1,1,,1,,1,,1,1,,1,,1,,1,1,,1,,1,,1,1,,1,,1,,1,1,,1,,1,,1,1,,1,,1,,1,1,,1,,1,,1,1,
211812088,Presley Miller,1,,1,,1,,1,1,,1,,1,,1,1,,1,,1,,1,1,,1,,1,,1,1,,1,,1,,1,1,,1,,1,,1,1,,1,,1,,1,1,,1,,,,1,1,,1,,1,,1,1,,1,,1,,1,1,,1
521244745,Bertha Bains,1,1,,1,,,,1,1,,1,,,,1,1,,1,,,,1,1,,1,,,,1,1,,1,,,,1,1,,1,,,,1,1,,1,,,,1,1,,1,,,,1,1,,1,,,,1,1,,1,,,,1,1,
316524229,Youssef Mcmanus,1,,1,1,,,,1,,1,1,,,,1,,1,1,,,,1,,1,1,,,,1,,1,1,,,,1,,1,1,,,,1,,1,1,,,,1,,1,1,,,,1,,1,1,,,,1,,1,1,,,,1,,1
167911657,Graham Parrish,1,1,,,,,,1,1,,,,,,1,1,,,,,,1,1,,,,,,1,1,,,,,,1,1,,,,,,1,1,,,,,,1,1,,,,,,1,1,,,,,,1,1,,,,,,1,1,
894916313,Tre Eastwood,1,,1,1,1,1,,1,,1,1,1,1,,1,,1,1,1,1,,1,,1,1,1,1,,1,,1,1,1,1,,1,,1,1,1,1,,1,,1,1,1,1,,1,,1,1,,1,,1,,1,1,1,1,,1,,1,1,1,1,,1,,1
